Step,ObjectName,Description,Action,Input,Condition,Reference
1,Browser,Wait for Page to be loaded,waitForPageLoaded,,,
2,Utilities_HDM,"Click on [<Object>] if the test data is available ",moveTo,,,DC_ClaimsDetailsHeader
3,BatchScheduler_HL,Move the Browser View to the specified element [<Object>],moveTo,,,DC_ClaimsDetailsHeader
4,BatchScheduler_HL,"Click the [<Object>] ",Click,,,DC_ClaimsDetailsHeader
5,Browser,switching to window by title [<Data>],switchToWindowByTitleContains,@Batch Scheduler,,
6,AddNew_BTN,Move the Browser View to the specified element [<Object>],moveTo,,,DC_RecurringPayments
7,AddNew_BTN,Move the Browser View to the specified element [<Object>],Click,,,DC_RecurringPayments
8,LoadingElement,"Wait for [<Object>] to be invisible ",DC_LoadingElementWait,@display: none; height,style,DC_LoadingMask
"*9",BatchJobName_DD,Move the Browser View to the specified element [<Object>],Click,,,DC_RecurringPayments
10,BatchJobName_LI,Set object [<Object>] property  as [<Data>] at runtime,setObjectProperty,DC_RecurringPayments:BatchJobName_DD,REPLACE,DC_RecurringPayments
11,BatchJobName_LI,Move the Browser View to the specified element [<Object>],moveTo,,,DC_RecurringPayments
12,BatchJobName_LI,Select item in [<Object>] which has text: [<Data>],Click,,,DC_RecurringPayments
13,LoadingElement,"Wait for [<Object>] to be invisible ",DC_LoadingElementWait,@display: none; height,style,DC_LoadingMask
"//14",BatchStartTime_TB,Set object [<Object>] property  as [<Data>] at runtime,DC_Set,DC_RecurringPayments:BatchStartTime_TB,REPLACE,DC_RecurringPayments
"//15",BatchEndDate_TB,Enter the value [<Data>] in the Field [<Object>]  if the test data is available,DC_Set,DC_RecurringPayments:BatchEndDate_TB,REPLACE,DC_RecurringPayments
16,BatchFrequency_RB,Select item in [<Object>] which has text: [<Data>],setObjectProperty,DC_RecurringPayments:BatchFrequency_RB,REPLACE,DC_RecurringPayments
17,BatchFrequency_RB,"Click the [<Object>] ",Click,,,DC_RecurringPayments
18,LoadingElement,"Wait for [<Object>] to be invisible ",DC_LoadingElementWait,@display: none; height,style,DC_LoadingMask
19,BatchSave_BTN,"Click the [<Object>] ",Click,,,DC_RecurringPayments
20,LoadingElement,"Wait for [<Object>] to be invisible ",DC_LoadingElementWait,@display: none; height,style,DC_LoadingMask
21,Browser,"Take a Screen Shot ",takeScreenshot,,,
22,BatchJobAdded_ROW,Enter the value [<Data>] in the Field [<Object>]  if the test data is available,DC_setObjectProperty,DC_RecurringPayments:BatchJobName_DD,BATCH_JOB_NAME,DC_RecurringPayments
23,BatchJobAdded_ROW,Enter the value [<Data>] in the Field [<Object>]  if the test data is available,DC_setObjectProperty,DC_RecurringPayments:BatchFrequency_RB,BATCH_FREQUENCY,DC_RecurringPayments
24,BatchJobAdded_ROW,Enter the value [<Data>] in the Field [<Object>]  if the test data is available,DC_assertElementPresent,DC_RecurringPayments:BatchJobName_DD,,DC_RecurringPayments
25,Browser,"Take a Screen Shot ",takeScreenshot,,,
"//26",Browser,changing wait time by [<Data>] seconds,changeWaitTime,@10,,
27,Browser,Close the current window and switch to default window,switchToWindowByIndex,@1,,
28,Browser,"Take a Screen Shot ",takeScreenshot,,,
