Step,ObjectName,Description,Action,Input,Condition,Reference
1,FinancialSummary_HL,Click on [<Object>],clickByJS,,,DC_ClaimsDetailsHeader
2,Line_Menu_BTN,Set object [<Object>] property  as [<Data>] at runtime,setObjectProperty,DC_RecurringPayments:ClaimantLine,LINE,DC_FinancialSummary
3,Line_Menu_BTN,Click on [<Object>],clickByJS,,,DC_FinancialSummary
4,FinancialLineMenu_List,Set object [<Object>] property  as [<Data>] at runtime,setObjectProperty,DC_RecurringPayments:FinancialLineMenu_List,NAVIGATETO,DC_FinancialSummary
5,FinancialLineMenu_List,"Click the [<Object>] ",clickByJS,,,DC_FinancialSummary
6,PayeeName_DD,Highlight the element [<Object>],highlight,,,DC_RecurringPayments
7,PayeeName_DD,"Click the [<Object>] ",clickByJS,,,DC_RecurringPayments
8,PayeeName_LI,Set object [<Object>] property  as [<Data>] at runtime,DC_setObjectProperty,DC_RecurringPayments:PayeeName_Role,REPLACE,DC_RecurringPayments
9,PayeeName_LI,"Click the [<Object>] ",DC_clickByJS,DC_RecurringPayments:PayeeName_Role,,DC_RecurringPayments
10,LoadingElement,"Wait for [<Object>] to be invisible ",DC_LoadingElementWait,@display: none; height,style,DC_LoadingMask
11,RP_PaymentMethod_DD,"Click the [<Object>] ",Click,,,DC_RecurringPayments
12,RP_PaymentMethod_LI,Set object [<Object>] property  as [<Data>] at runtime,DC_setObjectProperty,DC_RecurringPayments:PaymentMethod,REPLACE,DC_RecurringPayments
13,RP_PaymentMethod_LI,"Click the [<Object>] ",DC_Click,DC_RecurringPayments:PaymentMethod,,DC_RecurringPayments
14,LoadingElement,"Wait for [<Object>] to be invisible ",DC_LoadingElementWait,@display: none; height,style,DC_LoadingMask
"//15",SourceIncomeLocation_DD,Click on [<Object>],clickByJS,,,DC_RecurringPayments
"//16",SourceIncomeLocation_LI,Set object [<Object>] property  as [<Data>] at runtime,setObjectProperty,DC_RecurringPayments:SourceIncomeLocation,REPLACE,DC_RecurringPayments
"//17",SourceIncomeLocation_LI,Click on [<Object>],clickByJS,,,DC_RecurringPayments
18,Continue_BTN,"Click the [<Object>] ",Click,,,DC_RecurringPayments
19,LoadingElement,"Wait for [<Object>] to be invisible ",DC_LoadingElementWait,@display: none; height,style,DC_LoadingMask
"//20",Execute,,DC_Payments:VerifyErrorMessage,,,
21,RP_PaymentType_DD,"Click the [<Object>] ",clickByJS,,,DC_RecurringPayments
22,RP_PaymentType_LI,Set object [<Object>] property  as [<Data>] at runtime,setObjectProperty,DC_RecurringPayments:PaymentType,REPLACE,DC_RecurringPayments
23,RP_PaymentType_LI,Click on [<Object>],clickByJS,,,DC_RecurringPayments
24,LoadingElement,"Wait for [<Object>] to be invisible ",DC_LoadingElementWait,@display: none; height,style,DC_LoadingMask
25,RP_ServiceBenefitType_DD,"Click the [<Object>] ",Click,,,DC_RecurringPayments
26,RP_ServiceBenefitType_LI,Set object [<Object>] property  as [<Data>] at runtime,setObjectProperty,DC_RecurringPayments:ServiceBenefit,REPLACE,DC_RecurringPayments
27,RP_ServiceBenefitType_LI,Wait  for the element [<Object>] to be present,waitForElementToBePresent,,,DC_RecurringPayments
28,RP_ServiceBenefitType_LI,Click on [<Object>],clickByJS,,,DC_RecurringPayments
29,LoadingElement,"Wait for [<Object>] to be invisible ",DC_LoadingElementWait,@display: none; height,style,DC_LoadingMask
30,RP_NoOfPayments_TB,Enter the value [<Data>] in the Field [<Object>],Set,DC_RecurringPayments:RP_NoOfPayments,,DC_RecurringPayments
31,RP_Frequency_DD,"Click the [<Object>] ",Click,,,DC_RecurringPayments
32,RP_Frequency_LI,Set object [<Object>] property  as [<Data>] at runtime,setObjectProperty,DC_RecurringPayments:RP_Frequency,REPLACE,DC_RecurringPayments
33,RP_Frequency_LI,Wait  for the element [<Object>] to be present,waitForElementToBePresent,,,DC_RecurringPayments
34,RP_Frequency_LI,Click on [<Object>],clickByJS,,,DC_RecurringPayments
35,LoadingElement,"Wait for [<Object>] to be invisible ",DC_LoadingElementWait,@display: none; height,style,DC_LoadingMask
36,RP_ScheduledStartDate_TB,Enter the value [<Data>] in the Field [<Object>]  if the test data is available,DC_Set,DC_RecurringPayments:RP_ScheduledStartDate,,DC_RecurringPayments
37,RP_FirstPaymentDate_TB,Enter the value [<Data>] in the Field [<Object>]  if the test data is available,DC_Set,DC_RecurringPayments:RP_FirstPaymentDate,,DC_RecurringPayments
38,RP_PerCheckAmount_TB,Enter the value [<Data>] in the Field [<Object>]  if the test data is available,DC_Set,DC_RecurringPayments:RP_PerCheckAmount,,DC_RecurringPayments
39,RP_PaymentFor_DD,"Click the [<Object>] ",Click,,,DC_RecurringPayments
40,RP_PaymentFor_LI,Set object [<Object>] property  as [<Data>] at runtime,setObjectProperty,DC_RecurringPayments:RP_PaymentFor,REPLACE,DC_RecurringPayments
41,RP_PaymentFor_LI,Wait  for the element [<Object>] to be present,waitForElementToBePresent,,,DC_RecurringPayments
42,RP_PaymentFor_LI,Click on [<Object>],clickByJS,,,DC_RecurringPayments
"//43",RP_ServiceBenefitSubType_DD,"Click the [<Object>] ",Click,,,DC_RecurringPayments
"//44",RP_ServiceBenefitSubType_LI,Set object [<Object>] property  as [<Data>] at runtime,setObjectProperty,DC_RecurringPayments:Service_Benefit_Sub_Type,REPLACE,DC_RecurringPayments
"//45",RP_ServiceBenefitSubType_LI,Wait  for the element [<Object>] to be present,waitForElementToBePresent,,,DC_RecurringPayments
"//46",RP_ServiceBenefitSubType_LI,Click on [<Object>],clickByJS,,,DC_RecurringPayments
47,Save_BTN,"Click the [<Object>] ",Click,,,DC_RecurringPayments
48,LoadingElement,"Wait for [<Object>] to be invisible ",DC_LoadingElementWait,@display: none; height,style,DC_LoadingMask
49,Browser,"Take a Screen Shot ",takeScreenshot,,,
50,Post_BTN,"Click the [<Object>] ",Click,,,DC_RecurringPayments
51,LoadingElement,"Wait for [<Object>] to be invisible ",DC_LoadingElementWait,@display: none; height,style,DC_LoadingMask
52,Browser,"Take a Screen Shot ",takeScreenshot,,,
