Step,ObjectName,Description,Action,Input,Condition,Reference
1,Browser,changing wait time by [<Data>] seconds,changeWaitTime,@30,,
2,Execute,Click on [<Object>],DC_Payments:NavigateToFinancialSummaryUI,,,
3,Line_Menu_BTN,Set object [<Object>] property  as [<Data>] at runtime,setObjectProperty,DC_RecurringPayments:ClaimantLine,LINE,DC_FinancialSummary
4,Line_Menu_BTN,"Click the [<Object>] ",clickByJS,,,DC_FinancialSummary
5,Line_Menu_List_HL,Set object [<Object>] property  as [<Data>] at runtime,setObjectProperty,@Establish Payment Schedule,LINK_TEXT,DC_FinancialSummary
6,Line_Menu_List_HL,Click on [<Object>],clickByJS,,,DC_FinancialSummary
7,Browser,changing wait time by [<Data>] seconds,changeWaitTime,@10,,
8,Browser,Wait for Page to be loaded,waitForPageLoaded,,,
