Step,ObjectName,Description,Action,Input,Condition,Reference
"//1",Browser,Change Default Element finding wait time by [<Data>] seconds,setElementTimeOut,@2,,
"//2",Browser,switching to window by title [<Data>],switchToWindowByTitleContains,@Financial Log Search,,DC_ClaimDetails_Header
3,Claim_HDM,Click on [<Object>],Click,,,DC_ClaimsDetailsHeader
4,FinancialLog_HL,"Click the [<Object>] ",clickByJS,,,DC_RecurringPayments
5,Browser,Change Default Element finding wait time by [<Data>] seconds,setElementTimeOut,@2,,
6,Search_LookingFor_DD,"Click the [<Object>] ",DC_Click,DC_RecurringPayments:Search_LookingFor_LI,,DC_RecurringPayments
7,Search_LookingFor_LI,Set object [<Object>] property  as [<Data>] at runtime,setObjectProperty,DC_RecurringPayments:Search_LookingFor_LI,REPLACE,DC_RecurringPayments
8,Search_LookingFor_LI,"Click the [<Object>] ",DC_Click,DC_RecurringPayments:Search_LookingFor_LI,,DC_RecurringPayments
9,LoadingElement,Wait for expected condition attribute in Condition and value in Input,DC_LoadingElementWait,@display: none; height:,style,DC_LoadingMask
10,SearchPayment_BTN,"Click the [<Object>] ",Click,,,DC_RecurringPayments
11,LoadingElement,Wait for expected condition attribute in Condition and value in Input,DC_LoadingElementWait,@display: none; height:,style,DC_LoadingMask
12,ExpandAll_HL,"Wait for [<Object>] to be clickable ",waitForElementToBeClickable,,,DC_RecurringPayments
13,ExpandAll_HL,"Click on [<Object>] if the test data is available ",clickByJS,,,DC_RecurringPayments
14,Schedule_RemainingPayments_TXT,Set object [<Object>] property  as [<Data>] at runtime,DC_setObjectProperty,DC_RecurringPayments:RP_RemainingPayments,REMAINING_PAYMENT,DC_RecurringPayments
15,Schedule_RemainingPayments_TXT,Highlight the element [<Object>],highlight,,,DC_RecurringPayments
16,Browser,"Take a Screen Shot ",takeScreenshot,,,
