Step,ObjectName,Description,Action,Input,Condition,Reference
1,Browser,Add a variable to access within testcase,AddVar,DC_RecurringPayments:RP_NoOfPayments,%NumPayments%,
2,Browser,Add a variable to access within testcase,AddVar,DC_RecurringPayments:RP_PerCheckAmount,%Amount%,
3,Browser,Add a variable to access within testcase,storeEval,=Concat(var a = %NumPayments%; var b = %Amount%; var c = a*b; return c.toFixed(2)):,%TotalScheduledAmt%,
"*4",RP_TotalScheduleAmount_TXT,Assert if [<Object>]'s Text Equals [<Data>],assertElementTextEquals,%TotalScheduledAmt%,,DC_RecurringPayments
5,RP_NextIssueDate_TXT,Assert if [<Object>]'s Text Equals [<Data>],assertElementTextEquals,DC_RecurringPayments:RP_NextIssueDate,,DC_RecurringPayments
6,RP_RemainingPayments_TXT,Assert if [<Object>]'s Text Equals [<Data>],assertElementTextEquals,DC_RecurringPayments:RP_RemainingPayments,,DC_RecurringPayments
7,RP_ScheduleSummaryHeader_ROW,Assert if [<Object>] element is displayed,assertElementDisplayed,,,DC_RecurringPayments
