Step,ObjectName,Description,Action,Input,Condition,Reference
1,Category_DD,"Click the [<Object>]  if the test data is available ",Click,,,DC_FileNote
2,CategoryValue_LI,Set object [<Object>] property  as [<Data>] at runtime,DC_setObjectProperty,DC_FileNote:CatagoryValue_LI,REPLACE,DC_FileNote
3,CategoryValue_LI,"Click on [<Object>] if the test data is available ",DC_clickByJS,DC_FileNote:CatagoryValue_LI,,DC_FileNote
"//4",Browser,Send Keys [<Data>]  to Window.,sendKeysToWindow,@TAB,,
5,LoadingElement,Wait for expected condition attribute in Condition and value in Input,DC_LoadingElementWait,@display : None; height:,style,DC_LoadingMask
6,SubCategory_DD,"Click the [<Object>]  if the test data is available ",Click,,,DC_FileNote
7,SubCategory_LI,Set object [<Object>] property  as [<Data>] at runtime,DC_setObjectProperty,DC_FileNote:SubCatagoryValue_LI,REPLACE,DC_FileNote
8,SubCategory_LI,"Click on [<Object>] if the test data is available ",DC_clickByJS,DC_FileNote:SubCatagoryValue_LI,,DC_FileNote
"//9",Browser,Send Keys [<Data>]  to Window.,sendKeysToWindow,@TAB,,
10,LoadingElement,Wait for expected condition attribute in Condition and value in Input,DC_LoadingElementWait,@display : None; height:,style,DC_LoadingMask
11,Claimant_Line_DD,"Click the [<Object>]  if the test data is available ",DC_Click,DC_FileNote:ClaimantLine_LI,,DC_FileNote
12,Claimant_Line_LI,Set object [<Object>] property  as [<Data>] at runtime,DC_setObjectProperty,DC_FileNote:ClaimantLine_LI,REPLACE,DC_FileNote
13,Claimant_Line_LI,"Click on [<Object>] if the test data is available ",DC_clickByJS,DC_FileNote:ClaimantLine_LI,,DC_FileNote
14,LoadingElement,Wait for expected condition attribute in Condition and value in Input,DC_LoadingElementWait,@display : None; height:,style,DC_LoadingMask
15,Participants_DD,"Click on [<Object>] if the test data is available ",DC_clickByJS,DC_FileNote:ParticipantsValue_LI,,DC_FileNote
16,ParticipantsValue_LI,Set object [<Object>] property  as [<Data>] at runtime,DC_setObjectProperty,DC_FileNote:ParticipantsValue_LI,REPLACE,DC_FileNote
17,ParticipantsValue_LI,"Click on [<Object>] if the test data is available ",DC_clickByJS,DC_FileNote:ParticipantsValue_LI,,DC_FileNote
18,LoadingElement,Wait for expected condition attribute in Condition and value in Input,DC_LoadingElementWait,@display : None; height:,style,DC_LoadingMask
19,Access_DD,"Click on [<Object>] if the test data is available ",DC_clickByJS,DC_FileNote:Access_DD,,DC_FileNote
20,Access_LI,Set object [<Object>] property  as [<Data>] at runtime,DC_setObjectProperty,DC_FileNote:Access_DD,REPLACE,DC_FileNote
21,Access_LI,"Click on [<Object>] if the test data is available ",DC_clickByJS,DC_FileNote:Access_DD,,DC_FileNote
"//22",Fill-in Note_TB,Enter the value [<Data>] in the Field [<Object>]  if the test data is available,DC_Set,DC_FileNote:Fill-in Note_TB,,DC_FileNote
23,Subject_TB,Enter the value [<Data>] in the Field [<Object>]  if the test data is available,DC_Set,DC_FileNote:Subject_TB,,DC_FileNote
24,Note_TB,Enter the value [<Data>] in the Field [<Object>]  if the test data is available,DC_Set,DC_FileNote:Note_TB,,DC_FileNote
25,Save_BTN,Click on [<Object>],clickByJS,,,DC_FileNote
