Step,ObjectName,Description,Action,Input,Condition,Reference
1,Category_DD,"Click the [<Object>]  if the test data is available ",Click,,,DC_FileNote
2,CategoryValue_LI,Set object [<Object>] property  as [<Data>] at runtime,DC_setObjectProperty,DC_FileNote:CatagoryValue_LI,REPLACE,DC_FileNote
3,CategoryValue_LI,"Click on [<Object>] if the test data is available ",DC_clickByJS,DC_FileNote:CatagoryValue_LI,,DC_FileNote
4,Browser,Send Keys [<Data>]  to Window.,sendKeysToWindow,@TAB,,
5,LoadingElement,Wait for expected condition attribute in Condition and value in Input,DC_LoadingElementWait,@ display ; Note ; height,style,LoadingMask
6,SubCategory_DD,"Click the [<Object>]  if the test data is available ",Click,,,DC_FileNote
7,SubCategory_LI,Set object [<Object>] property  as [<Data>] at runtime,DC_setObjectProperty,DC_FileNote:SubCatagoryValue_LI,REPLACE,DC_FileNote
8,SubCategory_LI,"Click on [<Object>] if the test data is available ",DC_clickByJS,DC_FileNote:SubCatagoryValue_LI,,DC_FileNote
9,Browser,Send Keys [<Data>]  to Window.,sendKeysToWindow,@TAB,,
10,LoadingElement,Wait for expected condition attribute in Condition and value in Input,DC_LoadingElementWait,@ display ; Note ; height,style,LoadingMask
11,InjuredWorker_Line_DD,"Click the [<Object>]  if the test data is available ",DC_Click,DC_FileNote:InjurworkerLine_LI,,DC_FileNote
12,InjuredWorker_Line_LI,Set object [<Object>] property  as [<Data>] at runtime,DC_setObjectProperty,DC_FileNote:InjurworkerLine_LI,REPLACE,DC_FileNote
13,InjuredWorker_Line_LI,"Click on [<Object>] if the test data is available ",DC_clickByJS,DC_FileNote:InjurworkerLine_LI,,DC_FileNote
14,Browser,Send Keys [<Data>]  to Window.,sendKeysToWindow,@TAB,,
15,Participants_DD,"Click on [<Object>] if the test data is available ",DC_clickByJS,DC_FileNote:ParticipantsValue_LI,,DC_FileNote
16,ParticipantsValue_LI,Set object [<Object>] property  as [<Data>] at runtime,DC_setObjectProperty,DC_FileNote:ParticipantsValue_LI,REPLACE,DC_FileNote
17,ParticipantsValue_LI,"Click on [<Object>] if the test data is available ",DC_clickByJS,DC_FileNote:ParticipantsValue_LI,,DC_FileNote
18,Browser,Send Keys [<Data>]  to Window.,sendKeysToWindow,@TAB,,
19,Access_DD,"Click on [<Object>] if the test data is available ",DC_clickByJS,DC_FileNote:Access_DD,,DC_FileNote
20,Access_LI,Set object [<Object>] property  as [<Data>] at runtime,DC_setObjectProperty,DC_FileNote:Access_DD,REPLACE,DC_FileNote
21,Access_LI,"Click on [<Object>] if the test data is available ",DC_clickByJS,DC_FileNote:Access_DD,,DC_FileNote
22,Subject_TB,Enter the value [<Data>] in the Field [<Object>]  if the test data is available,DC_Set,DC_FileNote:Subject_TB,,DC_FileNote
