Step,ObjectName,Description,Action,Input,Condition,Reference
1,Category_TXT,Assert if [<Object>]'s Text Equals [<Data>],assertElementPresent,,,DC_FileNote
2,Category_TXT,Highlight the element [<Object>],highlight,,,DC_FileNote
3,Browser,Send Keys [<Data>]  to Window.,sendKeysToWindow,@TAB,,
4,LoadingElement,Wait for expected condition attribute in Condition and value in Input,DC_LoadingElementWait,@display : None; height:,style,LoadingMask
5,SubCategory_DD,"Click on [<Object>] if the test data is available ",DC_clickByJS,DC_FileNote:SubCatagoryValue_LI,,DC_FileNote
6,SubCategory_LI,Set object [<Object>] property  as [<Data>] at runtime,DC_setObjectProperty,DC_FileNote:SubCatagoryValue_LI,REPLACE,DC_FileNote
7,SubCategory_LI,"Click on [<Object>] if the test data is available ",DC_clickByJS,DC_FileNote:SubCatagoryValue_LI,,DC_FileNote
8,Browser,Send Keys [<Data>]  to Window.,sendKeysToWindow,@TAB,,
9,InjuredWorker_Line_DD,Assert if [<Object>] is present,assertElementPresent,,,DC_FileNote
10,Browser,Send Keys [<Data>]  to Window.,sendKeysToWindow,@TAB,,
11,Participants_DD,"Click on [<Object>] if the test data is available ",DC_clickByJS,DC_FileNote:ParticipantsValue_LI,,DC_FileNote
12,ParticipantsValue_LI,Set object [<Object>] property  as [<Data>] at runtime,DC_setObjectProperty,DC_FileNote:ParticipantsValue_LI,REPLACE,DC_FileNote
13,ParticipantsValue_LI,"Click on [<Object>] if the test data is available ",DC_clickByJS,DC_FileNote:ParticipantsValue_LI,,DC_FileNote
14,Browser,Send Keys [<Data>]  to Window.,sendKeysToWindow,@TAB,,
15,Access_TXT,Assert if [<Object>] is present,assertElementPresent,,,DC_FileNote
16,Subject_TB,Enter the value [<Data>] in the Field [<Object>]  if the test data is available,DC_Set,DC_FileNote:SubCatagoryValue_LI,,DC_FileNote
