Step,ObjectName,Description,Action,Input,Condition,Reference
1,ServiceDateFrom_TB,Set  [<Data>] on [<Object>],Set,DC_FileNote:ServiceDateFrom_TB,,DC_FileNote
2,ServiceDateFrom_TB,SendKeys  [<Data>] To Object [<Object>],sendKeysToElement,@TAB,,DC_FileNote
3,LoadingElement,Wait for expected condition attribute in Condition and value in Input,DC_LoadingElementWait,@display : None; height:,style,DC_LoadingMask
4,ServiceDateThrough_TB,Set  [<Data>] on [<Object>],Set,DC_FileNote:ServiceDateThrough_TB,,DC_FileNote
5,ServiceDateThrough_TB,SendKeys  [<Data>] To Object [<Object>],sendKeysToElement,@TAB,,DC_FileNote
6,DocumentDate_TB,Set  [<Data>] on [<Object>],Set,DC_FileNote:DocumentDate_TB,,DC_FileNote
7,DocumentDate_TB,SendKeys  [<Data>] To Object [<Object>],sendKeysToElement,@TAB,,DC_FileNote
8,Author_TB,Set  [<Data>] on [<Object>],Set,DC_FileNote:Author_TB,,DC_FileNote
9,Author_TB,SendKeys  [<Data>] To Object [<Object>],sendKeysToElement,@TAB,,DC_FileNote
