Step,ObjectName,Description,Action,Input,Condition,Reference
1,SearchFileNote_HL,Click on [<Object>],clickByJS,,,DC_ClaimsHomePage
2,Tittle_ROW,Wait for expected conditions,waitForElementToBeVisible,,style,DC_FileNote
"//3",Expand_HL,Click on [<Object>],clickByJS,,,DC_FileNote
"//4",Tittle_ROW,Click on [<Object>],DC_clickByJS,DC_FileNote:Subject_TB,REPLACE,DC_FileNote
5,Tittle_ROW,"Click the [<Object>] ",Click,,,DC_FileNote
6,Browser,"Change Default Element ",setElementTimeOut,@2,,DC_FileNote
7,Save_BTN,Click the Object[<Object>],Click,,,DC_FileNote
