Step,ObjectName,Description,Action,Input,Condition,Reference
1,Filenote_HL,Click the Object[<Object>],clickByJS,,,DC_INeedTo
2,Browser,"Change Default Element ",setElementTimeOut,@2,,DC_FileNote
3,Execute,,DC_FileNote:Add_Additional_Details,,,
"//4",Browser,Executeresuable,DC_ExecuteReusable,DC_FileNote:AdditionalFeildsReuseable,,DC_FileNote
"//5",Browser,Executeresuable,DC_ExecuteReusable,DC_FileNote:FileNoteAttchmentReusable,,DC_FileNote
6,Browser,Take a Screen Share,takeScreenshot,,,
7,LoadingElement,Wait for expected condition attribute in Condition and value in Input,DC_LoadingElementWait,@display : None; height:,style,DC_LoadingMask
8,Browser,Take a Screen Share,takeScreenshot,,,
