Step,ObjectName,Description,Action,Input,Condition,Reference
1,ViewAllFileNote_HL,"Click the [<Object>] ",clickByJS,,,DC_FileNote
2,Browser,Change Default Element finding wait time by [<Data>] seconds,setElementTimeOut,@2,,
"//3",Tittle_TXT,"Click the [<Object>] ",setObjectProperty,DC_FileNote:Tittle_TXT,TITLE,DC_FileNote
4,Tittle_TXT,"Click the [<Object>] ",clickByJS,,,DC_FileNote
"//5",Browser,Switch to frame by name: [<Data>],switchToFrame,@dialogIframe,,
6,LoadingElement,Wait for expected condition attribute in Condition and value in Input,DC_LoadingElementWait,@display : None; height:,style,DC_LoadingMask
7,Execute,,DC_FileNote:UpdateFileNote_Edit,,,
"//*8",Browser,"Execute Resuable if mentioned in the data sheet in the format Scenario|TestCase ",DC_ExecuteReusable,DC_FileNote:AdditionalFeildsReuseable,,
"//9",Browser,"Take a Screen Shot ",takeScreenshot,,,
10,Save_BTN,"Click the [<Object>] ",clickByJS,,,DC_FileNote
11,LoadingElement,Wait for expected condition attribute in Condition and value in Input,DC_LoadingElementWait,@display : None; height:,style,DC_LoadingMask
12,Browser,"Take a Screen Shot ",takeScreenshot,,,
