Step,ObjectName,Description,Action,Input,Condition,Reference
1,AllFileNotes_HL,"Click the [<Object>] ",clickByJS,,,DC_ClaimsDetailsHeader
2,Browser,Change Default Element finding wait time by [<Data>] seconds,setElementTimeOut,@2,TITLE,DC_FileNote
3,Tittle_TXT,"Click the [<Object>] ",DC_setObjectProperty,DC_FileNote:Tittle_TXT,TITLE,DC_FileNote
4,Tittle_TXT,"Click the [<Object>] ",Click,,,DC_FileNote
5,LoadingElement,Wait for expected condition attribute in Condition and value in Input,DC_LoadingElementWait,@display : None; height:,style,DC_LoadingMask
6,Reply_BTN,"Click the [<Object>] ",clickByJS,,,DC_FileNote
7,LoadingElement,Wait for expected condition attribute in Condition and value in Input,DC_LoadingElementWait,@display : None; height:,style,DC_LoadingMask
8,Execute,,DC_FileNote:UpdateFileNote_Reply,,,
"//9",Browser,"Execute Resuable if mentioned in the data sheet in the format Scenario|TestCase ",DC_ExecuteReusable,DC_FileNote:AdditionalFeildsReuseable,,
"//10",Description_TB,Enter the value [<Data>] in the Field [<Object>]  if the test data is available,DC_Set,DC_FileNote:Description_TB,,DC_FileNote
"//11",Browser,"Take a Screen Shot ",takeScreenshot,,,
"//12",Browser,Adds Description to File Attachments in Duck Creek - File Note,DC_FileNoteAddAttachmentDescription,DC_FileNote:FileNoteAttchmentReusable,,
"//13",Browser,"Take a Screen Shot ",takeScreenshot,,,
"//14",Save_BTN,"Click the [<Object>] ",Click,,,DC_FileNote
"//15",LoadingElement,Wait for expected condition attribute in Condition and value in Input,DC_LoadingElementWait,@display : None; height:,style,DC_LoadingMask
"//16",Browser,"Take a Screen Shot ",takeScreenshot,,,
