Step,ObjectName,Description,Action,Input,Condition,Reference
1,Browser,Send Keys [<Data>]  to Window.,sendKeysToWindow,@TAB,,
2,LoadingElement,Wait for expected condition attribute in Condition and value in Input,DC_LoadingElementWait,@display : None; height:,style,DC_LoadingMask
3,SubCategory_DD,"Click the [<Object>]  if the test data is available ",Click,,,DC_FileNote
4,SubCategory_LI,Set object [<Object>] property  as [<Data>] at runtime,DC_setObjectProperty,DC_FileNote:SubCatagoryValue_LI,REPLACE,DC_FileNote
5,SubCategory_LI,"Click on [<Object>] if the test data is available ",DC_clickByJS,DC_FileNote:SubCatagoryValue_LI,,DC_FileNote
6,LoadingElement,Wait for expected condition attribute in Condition and value in Input,DC_LoadingElementWait,@display : None; height:,style,DC_LoadingMask
7,Subject_TB,Enter the value [<Data>] in the Field [<Object>]  if the test data is available,DC_Set,DC_FileNote:Subject_TB,,DC_FileNote
8,Note_TB,Enter the value [<Data>] in the Field [<Object>]  if the test data is available,DC_Set,DC_FileNote:Note_TB,,DC_FileNote
9,Save_BTN,"Click the [<Object>] ",Click,,,DC_FileNote
10,Browser,"Take a Screen Shot ",takeScreenshot,,,
