Step,ObjectName,Description,Action,Input,Condition,Reference
1,Browser,Send Keys [<Data>]  to Window.,sendKeysToWindow,@TAB,,
2,LoadingElement,Wait for expected condition attribute in Condition and value in Input,DC_LoadingElementWait,@display : None; height:,style,DC_LoadingMask
3,Category_DD,"Click the [<Object>]  if the test data is available ",Click,,,DC_FileNote
4,CategoryValue_LI,Set object [<Object>] property  as [<Data>] at runtime,DC_setObjectProperty,DC_FileNote:CatagoryValue_LI,REPLACE,DC_FileNote
5,CategoryValue_LI,"Click on [<Object>] if the test data is available ",DC_clickByJS,DC_FileNote:CatagoryValue_LI,,DC_FileNote
"//6",Browser,Send Keys [<Data>]  to Window.,sendKeysToWindow,@TAB,,
7,LoadingElement,Wait for expected condition attribute in Condition and value in Input,DC_LoadingElementWait,@display : None; height:,style,DC_LoadingMask
8,SubCategory_DD,"Click the [<Object>]  if the test data is available ",Click,,,DC_FileNote
9,SubCategory_LI,Set object [<Object>] property  as [<Data>] at runtime,DC_setObjectProperty,DC_FileNote:SubCatagoryValue_LI,REPLACE,DC_FileNote
10,SubCategory_LI,"Click on [<Object>] if the test data is available ",DC_clickByJS,DC_FileNote:SubCatagoryValue_LI,,DC_FileNote
"//11",LoadingElement,Wait for expected condition attribute in Condition and value in Input,DC_LoadingElementWait,@display : None; height:,style,DC_LoadingMask
12,LoadingElement,Wait for expected condition attribute in Condition and value in Input,DC_LoadingElementWait,@display : None; height:,style,DC_LoadingMask
13,Claimant_Line_DD,"Click the [<Object>]  if the test data is available ",DC_Click,DC_FileNote:ClaimantLine_LI,,DC_FileNote
14,Claimant_Line_LI,Set object [<Object>] property  as [<Data>] at runtime,DC_setObjectProperty,DC_FileNote:ClaimantLine_LI,REPLACE,DC_FileNote
15,Claimant_Line_LI,"Click on [<Object>] if the test data is available ",DC_clickByJS,DC_FileNote:ClaimantLine_LI,,DC_FileNote
"//16",LoadingElement,Wait for expected condition attribute in Condition and value in Input,DC_LoadingElementWait,@display : None; height:,style,DC_LoadingMask
17,Participants_DD,"Click on [<Object>] if the test data is available ",DC_clickByJS,DC_FileNote:ParticipantsValue_LI,,DC_FileNote
18,ParticipantsValue_LI,Set object [<Object>] property  as [<Data>] at runtime,DC_setObjectProperty,DC_FileNote:ParticipantsValue_LI,REPLACE,DC_FileNote
19,ParticipantsValue_LI,"Click on [<Object>] if the test data is available ",DC_clickByJS,DC_FileNote:ParticipantsValue_LI,,DC_FileNote
"//20",LoadingElement,Wait for expected condition attribute in Condition and value in Input,DC_LoadingElementWait,@display : None; height:,style,DC_LoadingMask
21,Access_DD,"Click on [<Object>] if the test data is available ",DC_clickByJS,DC_FileNote:Access_DD,,DC_FileNote
22,Access_LI,Set object [<Object>] property  as [<Data>] at runtime,DC_setObjectProperty,DC_FileNote:Access_DD,REPLACE,DC_FileNote
23,Access_LI,"Click on [<Object>] if the test data is available ",DC_clickByJS,DC_FileNote:Access_DD,,DC_FileNote
24,LoadingElement,Wait for expected condition attribute in Condition and value in Input,DC_LoadingElementWait,@display : None; height:,style,DC_LoadingMask
25,Subject_TB,Enter the value [<Data>] in the Field [<Object>]  if the test data is available,DC_Set,DC_FileNote:Subject_TB,,DC_FileNote
"//26",Note_TB,Enter the value [<Data>] in the Field [<Object>]  if the test data is available,DC_Set,DC_FileNote:Note_TB,,DC_FileNote
"//27",Save_BTN,Click on [<Object>],Click,,,DC_FileNote
