Step,ObjectName,Description,Action,Input,Condition,Reference
1,Browser,Switching control to the default window,switchToDefaultContent,,,
2,AllFileNotes_HL,Click on [<Object>],clickByJS,,,DC_ClaimsDetailsHeader
3,VerifyFileNote_ROW,Set object [<Object>] property  as [<Data>] at runtime,setObjectProperty,DC_FileNote:Tittle_TXT,SUMMARY,DC_FileNote
4,VerifyFileNote_ROW,Set object [<Object>] property  as [<Data>] at runtime,setObjectProperty,DC_FileNote:Description_TB,DESCRIPTION,DC_FileNote
"//5",VerifyFileNote_ROW,Set object [<Object>] property  as [<Data>] at runtime,assertElementTextEquals,DC_FileNote:Tittle_TXT,SUMMARY,DC_FileNote
"//6",VerifyFileNote_ROW,Set object [<Object>] property  as [<Data>] at runtime,assertElementTextEquals,DC_FileNote:Description_TB,DESCRIPTION,DC_FileNote
7,VerifyFileNote_ROW,Highlight the element [<Object>],highlight,,,DC_FileNote
