Step,ObjectName,Description,Action,Input,Condition,Reference
1,AllFileNotes_HL,Click on [<Object>],clickByJS,,,DC_ClaimsDetailsHeader
2,Expand_HL,Set object [<Object>] property  as [<Data>] at runtime,Click,,,DC_FileNote
3,Reply_Sub_TXT,Set object [<Object>] property  as [<Data>] at runtime,DC_setObjectProperty,DC_FileNote:Subject_TB,SUBJECT,DC_FileNote
4,Reply_Sub_TXT,Click on [<Object>],DC_assertElementPresent,DC_FileNote:Subject_TB,,DC_FileNote
5,Reply_Desc_TXT,"Click the [<Object>] ",DC_setObjectProperty,DC_FileNote:Description_TB,DESCRIPTION,DC_FileNote
6,Reply_Desc_TXT,"Change Default Element ",DC_assertElementPresent,DC_FileNote:Description_TB,,DC_FileNote
