Step,ObjectName,Description,Action,Input,Condition,Reference
1,AllFileNotes_HL,Click on [<Object>],clickByJS,,,DC_ClaimsDetailsHeader
2,Expand_HL,Set object [<Object>] property  as [<Data>] at runtime,clickByJS,,,DC_FileNote
3,Edited_SUB_TXT,Set object [<Object>] property  as [<Data>] at runtime,DC_setObjectProperty,DC_FileNote:Subject_TB,SUBJECT,DC_FileNote
4,Edited_SUB_TXT,Click on [<Object>],DC_assertElementPresent,DC_FileNote:Subject_TB,,DC_FileNote
5,Edited_SubCat_TXT,"Click the [<Object>] ",DC_setObjectProperty,DC_FileNote:CatagoryValue_LI,CATG,DC_FileNote
6,Edited_SubCat_TXT,"Click the [<Object>] ",DC_setObjectProperty,DC_FileNote:SubCatagoryValue_LI,SUBCAT,DC_FileNote
7,Edited_SubCat_TXT,"Change Default Element ",assertElementPresent,,,DC_FileNote
8,Edited_SubCat_TXT,Highlight the element [<Object>],highlight,,,DC_FileNote
9,Edited_Desc_TXT,Set object [<Object>] property  as [<Data>] at runtime,DC_setObjectProperty,DC_FileNote:Description_TB,DESCRIPTION,DC_FileNote
10,Edited_Desc_TXT,Click the Object[<Object>],DC_assertElementPresent,DC_FileNote:Description_TB,SUBCAT,DC_FileNote
