Step,ObjectName,Description,Action,Input,Condition,Reference
1,Role_DD,Click on [<Object>],clickByJS,,,DC_AddParticipant
2,Role_Label,Send Keys [<Data>]  to object [<Object>].,setObjectProperty,DC_AddParticipant:Role_CHB,REPLACE,DC_AddParticipant
3,Role_Label,Click on [<Object>],clickByJS,,,DC_AddParticipant
4,LoadingElement,"Wait for [<Object>] to be invisible ",DC_LoadingElementWait,@display: none; height,style,DC_LoadingMask
5,Role_TB,Send Keys [<Data>]  to object [<Object>].,sendKeysToElement,@TAB,,DC_AddParticipant
6,Browser,"Take a Screen Shot ",takeScreenshot,,,
7,Browser,"Execute Resuable if mentioned in the data sheet in the format Scenario|TestCase ",DC_ExecuteReusable,DC_AddParticipant:LienholderReusable,,
8,Save_BTN,"Click the [<Object>] ",Click,,,DC_AddParticipant
9,LoadingElement,"Wait for [<Object>] to be invisible ",DC_LoadingElementWait,@display: none; height,style,DC_LoadingMask
