Step,ObjectName,Description,Action,Input,Condition,Reference
1,Browser,"Execute Resuable if mentioned in the data sheet in the format Scenario|TestCase ",DC_ExecuteReusable,DC_AddParticipant:AddParticipantReusable,Start Param,
"//2",Execute,,DC_AddParticipant:AddParticipantDetails,,,
3,Browser,"Execute Resuable if mentioned in the data sheet in the format Scenario|TestCase ",DC_ExecuteReusable,DC_AddParticipant:VerifyParticipant,,
4,Browser,"Execute Resuable if mentioned in the data sheet in the format Scenario|TestCase ",DC_ExecuteReusable,DC_AddParticipant:AlertMessage_Management_Reusable,End Param,
