Step,ObjectName,Description,Action,Input,Condition,Reference
1,Browser,Wait for [<Data>] milli seconds,pause,@5000,,
2,FirstName_TB,Enter the value [<Data>] in the Field [<Object>],Set,ApplicantInfo:FirstName,,ApplicantInfo
3,LastName_TB,Enter the value [<Data>] in the Field [<Object>],Set,ApplicantInfo:Last Name,,ApplicantInfo
4,Suffix_DD,Enter the value [<Data>] in the Field [<Object>],Set,ApplicantInfo:Suffix,,ApplicantInfo
5,Suffix_DD,Enter the value [<Data>] in the Field [<Object>],sendKeysToElement,@ENTER,,ApplicantInfo
6,AddressLine1_TB,Enter the value [<Data>] in the Field [<Object>],Set,ApplicantInfo:AddLine1,,ApplicantInfo
7,AddressLine2_TB,Enter the value [<Data>] in the Field [<Object>],Set,ApplicantInfo:AddLine2,,ApplicantInfo
8,City_TB,Enter the value [<Data>] in the Field [<Object>],Set,ApplicantInfo:City,,ApplicantInfo
9,State_DD,Enter the value [<Data>] in the Field [<Object>],Set,ApplicantInfo:State,,ApplicantInfo
10,State_DD,Send Keys [<Data>]  to object [<Object>].,sendKeysToElement,@ENTER,,ApplicantInfo
11,ZipCode_TB,Enter the value [<Data>] in the Field [<Object>],Set,ApplicantInfo:ZipCode,,ApplicantInfo
12,ZipCode_TB,Send Keys [<Data>]  to object [<Object>].,sendKeysToElement,@TAB,,ApplicantInfo
13,Browser,Wait for [<Data>] milli seconds,pause,@10000,,
14,DurationOfResiding_DD,Send Keys [<Data>]  to object [<Object>].,clearByJS,,,ApplicantInfo
15,Browser,Wait for [<Data>] milli seconds,pause,@3000,,
16,DurationOfResiding_DD,Enter the value [<Data>] in the Field [<Object>],setByJS,@> 6 Months,,ApplicantInfo
17,Browser,Wait for [<Data>] milli seconds,pause,@3000,,
18,DurationOfResiding_DD,Enter the value [<Data>] in the Field [<Object>],sendKeysToElement,@TAB,,ApplicantInfo
19,Browser,Wait for [<Data>] milli seconds,pause,@5000,,
20,Browser,Scroll vertically to [<Data>],scrollToBottom,,,
21,ValidateAddress_HL,"Wait for [<Object>] to be clickable ",waitForElementToBeClickable,,,ApplicantInfo
22,ValidateAddress_HL,Click the [<Object>] and Wait for Page to be loaded,Click,,,ApplicantInfo
23,Browser,Wait for [<Data>] milli seconds,pause,@8000,,
"//24",Browser,Switch to frame which has index: [<Data>],switchToFrameByIndex,@0,,
25,Browser,Scroll to top,scrollToTop,,,
26,add_frame,Wait for Frame To Be Available and Switch to it,waitForFrameAndSwitch,,,ApplicantInfo
27,Accept_HL,"Click the [<Object>] ",Click,,,ApplicantInfo
28,Browser,Wait for [<Data>] milli seconds,pause,@8000,,
29,Browser,Switching control to the default window,switchToDefaultContent,,,
30,Browser,Scroll to bottom,scrollToBottom,,,
31,Multipolicy_Discount_DD,"Click the [<Object>] ",Click,,,ApplicantInfo
32,Browser,Scroll to bottom,scrollToBottom,,,
33,AutoRenew_RDB,"Click the [<Object>] ",clickByJS,,,ApplicantInfo
34,Next_BTN,"Click the [<Object>]  ",Click,,,ApplicantInfo
35,Browser,Wait for [<Data>] milli seconds,pause,@5000,,
