Step,ObjectName,Description,Action,Input,Condition,Reference
1,Browser,Wait for [<Data>] milli seconds,pause,@5000,,
2,Package_RDB,"Click the [<Object>] ",clickByJS,,,Coverages
3,Browser,Wait for [<Data>] milli seconds,pause,@5000,,
4,CovC_TB,Enter the value [<Data>] in the Field [<Object>],Set,Coverages:CoverageC,,Coverages
5,CovE_DD,Enter the value [<Data>] in the Field [<Object>],setByJS,Coverages:CoverageE,,Coverages
6,CovE_DD,Enter the value [<Data>] in the Field [<Object>],sendKeysToElement,@TAB,,Coverages
7,Deductible_DD,Enter the value [<Data>] in the Field [<Object>],setByJS,Coverages:Deductible,,Coverages
8,Deductible_DD,Enter the value [<Data>] in the Field [<Object>],sendKeysToElement,@TAB,,Coverages
9,Browser,Wait for [<Data>] milli seconds,pause,@3000,,
10,ServiceLine_RDB,Click on [<Object>],clickByJS,,,Coverages
"//11",Browser,Wait for [<Data>] milli seconds,pause,@3000,,
12,Browser,Scroll to bottom,scrollToBottom,,,Coverages
13,ReplacementCost_RDB,Click on [<Object>],clickByJS,,,Coverages
"//14",Browser,Wait for [<Data>] milli seconds,pause,@3000,,
15,PreferredTheft_DD,Set [<Data>] on [<Object>],setByJS,Coverages:PreferredTheft,,Coverages
16,PreferredTheft_DD,Send Keys [<Data>]  to object [<Object>].,sendKeysToElement,@ENTER,,Coverages
17,Browser,Wait for [<Data>] milli seconds,pause,@3000,,
18,HomeFreezer_DD,Set [<Data>] on [<Object>],setByJS,Coverages:HomeFreezer,,Coverages
19,HomeFreezer_DD,Send Keys [<Data>]  to object [<Object>].,sendKeysToElement,@ENTER,,Coverages
20,Browser,Wait for [<Data>] milli seconds,pause,@3000,,
21,AnimalLiability_DD,Set [<Data>] on [<Object>],setByJS,Coverages:AnimalLiability,,Coverages
22,AnimalLiability_DD,Send Keys [<Data>]  to object [<Object>].,sendKeysToElement,@ENTER,,Coverages
23,Browser,Wait for [<Data>] milli seconds,pause,@3000,,
24,Earthquake_RDB,Click on [<Object>],clickByJS,,,Coverages
25,Jewelry_RDB,Click on [<Object>],clickByJS,,,Coverages
26,PersonalComputer_CB,Check the [<Object>] element,check,,,Coverages
27,Browser,Wait for [<Data>] milli seconds,pause,@3000,,
28,Next_BTN,"Click the [<Object>] ",Click,,,Coverages
