Step,ObjectName,Description,Action,Input,Condition,Reference
1,Browser,Wait for [<Data>] milli seconds,pause,@5000,,
2,Construction_DD,Enter the value [<Data>] in the Field [<Object>],clearByJS,,,HomeInfo
3,Construction_DD,Enter the value [<Data>] in the Field [<Object>],setByJS,HomeInfo:ConstructionType,,HomeInfo
4,Construction_DD,Send Keys [<Data>]  to object [<Object>].,sendKeysToElement,@TAB,,HomeInfo
"//5",Browser,Wait for [<Data>] milli seconds,pause,@3000,,
6,Property_Hydrant_DD,Set [<Data>] on [<Object>],setByJS,HomeInfo:PropertyHydrant,,HomeInfo
7,Next_BTN,"Click the [<Object>] ",Click,,,HomeInfo
8,Browser,Wait for [<Data>] milli seconds,pause,@5000,,
