Step,ObjectName,Description,Action,Input,Condition,Reference
1,Agency_DD,Enter the value [<Data>] in the Field [<Object>],Set,NewQuote:Agency,,NewQuote
2,Agency_DD,Send Keys [<Data>]  to object [<Object>].,sendKeysToElement,@TAB,,NewQuote
3,Browser,Wait for [<Data>] milli seconds,pause,@4000,,
4,State_DD,Enter the value [<Data>] in the Field [<Object>],Set,NewQuote:State,,NewQuote
5,State_DD,Send Keys [<Data>]  to object [<Object>].,sendKeysToElement,@TAB,,NewQuote
6,Browser,Add a Global variable to access across test set,pause,@4000,,
7,Product_DD,Enter the value [<Data>] in the Field [<Object>],Set,NewQuote:LOB,,NewQuote
8,Product_DD,Send Keys [<Data>]  to object [<Object>].,sendKeysToElement,@ENTER,,NewQuote
9,Start_BTN,Wait  for the element [<Object>] to be present,waitForElementToBePresent,,,NewQuote
10,Start_BTN,Click the [<Object>] and Wait for Page to be loaded,clickAndWait,,,NewQuote
