Step,ObjectName,Description,Action,Input,Condition,Reference
1,AllClaimTasks_HL,click on [<object>],clickByJS,,,DC_ClaimsDetailsHeader
2,AddLibraryTask_BTN,Wait for [<Object>],waitForElementToBeVisible,,,DC_Task
3,AddLibraryTask_BTN,Clik on [<Object>],clickByJS,,,DC_Task
4,LoadingElement,Wait for expected conditions,DC_LoadingElementWait,@display: none; height:,style,DC_LoadingMask
5,AdditionalCriteria_QLM,Wait for [<Object>],waitForElementToBeVisible,,,DC_Task
6,AdditionalCriteria_QLM,Click on [<Object>],Click,,,DC_Task
7,TTN_TB,Wait for [<Object>],waitForElementToBeVisible,,,DC_Task
8,TTN_TB,Enter The value,Set,DC_Task:TTN_TB,,DC_Task
9,TTN_TB,Highlight,highlight,,,DC_Task
10,TTName_TB,Wait for [<Object>],waitForElementToBeVisible,,,DC_Task
11,TTName_TB,Enter the value,Set,DC_Task:TTName_TB,,DC_Task
12,Search_Task_BTN,Click on [<Object>],Click,,,DC_Task
13,LoadingElement,Wait for expected conditions,DC_LoadingElementWait,@display: none; height:,style,DC_LoadingMask
14,SelectTaskResult,Set Object,setObjectProperty,DC_Task:TTN_TB,TTN,DC_Task
15,SelectTaskResult,Click on object,Click,,,DC_Task
16,Browser,Take a screenshot,takeScreenshot,,,
17,Continue_BTN,Click on object,Click,,,DC_Task
18,LoadingElement,Wait for expected conditions,DC_LoadingElementWait,@display: none; height:,style,DC_LoadingMask
19,Verify_TaskHeader,Wait for [<Object>],waitForElementToBeVisible,,,DC_Task
20,AddTask_BTN,Click on Object,clickByJS,,,DC_Task
21,LoadingElement,Wait for expected conditions,DC_LoadingElementWait,@display: none; height:,style,DC_LoadingMask
