Step,ObjectName,Description,Action,Input,Condition,Reference
1,Task_QLM,Set Object [<Object>],setObjectProperty,DC_Task:TTName_TB,TTName,DC_Task
2,Task_QLM,Set Object [<Object>],setObjectProperty,DC_Task:TaskStatus,TaskStatus,DC_Task
3,Task_QLM,Set Object [<Object>],setObjectProperty,DC_Task:TaskPriority,TaskPriority,DC_Task
4,Task_QLM,Set Object [<Object>],setObjectProperty,DC_Task:TaskDueDate,TaskDueDate,DC_Task
5,Task_QLM,Set Object [<Object>],setObjectProperty,DC_Task:TaskPerformer,TaskPerformer,DC_Task
6,Task_QLM,Click the object,Click,,,DC_Task
7,Task_QLM_Edit_HL,Click the Object,Click,,,DC_Task
8,TaskAttributes_TaskName_TXT,Asset if [<Object>],assertElementTextEquals,DC_Task:TTName_TB,,DC_Task
9,TaskAttributes_Description_TXT,Asset if [<Object>],assertElementTextEquals,DC_Task:TaskDescription,,DC_Task
10,TaskAttributes_Category_DD,Asset if [<Object>],assertElementTextEquals,DC_Task:TaskCategory,,DC_Task
11,TaskAttribute_Type_DD,Asset if [<Object>],assertElementTextEquals,DC_Task:TaskType,,DC_Task
12,TaskAttributes_Priority_DD,Asset if [<Object>],assertElementTextEquals,DC_Task:TaskPriority,,DC_Task
13,TaskAttributes_Source_DD,Asset if [<Object>],assertElementTextEquals,DC_Task:TaskSource,,DC_Task
"//14",Task_Attributes_Mandatory_CB,Asset if [<Object>],DC_assertElementPresent,DC_Task:Mandatory_CB,REPLACE,DC_Task
"//15",Task_Attributes_ClaimRemainOpen_CB,Asset if [<Object>],DC_assertElementPresent,DC_Task:Mandatory_CB,REPLACE,DC_Task
"//16",Task_Attributes_ApplyRepeatRule_CB,Asset if [<Object>],DC_assertElementPresent,DC_Task:Mandatory_CB,REPLACE,DC_Task
17,TaskDates_DisplayDate_TXT,Assert if [<Object>]'s Text Equals [<Data>],assertElementTextEquals,DC_Task:TaskDisplayDate,,DC_Task
18,TaskDates_DueDate_TXT,Assert if [<Object>]'s Text Equals [<Data>],assertElementTextEquals,DC_Task:TaskDueDate,,DC_Task
19,TaskEdit_Back_BTN,Click the Object,Click,,,DC_Task
20,LoadingElement,Wait for expected conditions,DC_LoadingElementWait,@display: none; height:,style,DC_LoadingMask
21,Browser,Take a ScreenShot,takeScreenshot,,,
22,Browser,switch to window,switchToWindowByTitleContains,@Task Search and Results,,
