Step,ObjectName,Description,Action,Input,Condition,Reference
1,AllClaimTasks_HL,click on [<object>],clickByJS,,,DC_ClaimsDetailsHeader
2,Browser,Wait for Page To be loaded,waitForPageLoaded,,,
3,Browser,"Change wait time  ",changeWaitTime,@200,,
4,VerifyTaskAdded_ROW,Set Object Property,setObjectProperty,DC_Task:TTName_TB,TTName,DC_Task
5,VerifyTaskAdded_ROW,Set Object Property,setObjectProperty,DC_Task:TaskStatus,TaskStatus,DC_Task
6,VerifyTaskAdded_ROW,Set Object Property,setObjectProperty,DC_Task:TaskPriority,TaskPriority,DC_Task
7,VerifyTaskAdded_ROW,Set Object Property,setObjectProperty,DC_Task:TaskDueDate,TaskDueDate,DC_Task
8,VerifyTaskAdded_ROW,Set Object Property,setObjectProperty,DC_Task:TaskPerformer,TaskPerformer,DC_Task
9,VerifyTaskAdded_ROW,Set Object Property,setObjectProperty,DC_Task:TaskLevel,LEVEL,DC_Task
10,VerifyTaskAdded_ROW,Wait for expected confition,DC_ClaimFollowUpTaskValidator,@DC_Search_Add_Task:RefreshOpenTask,,DC_Task
11,Browser,Change default element finding wait time by [<Data>] seconds,setElementTimeOut,@2,,
12,VerifyTaskAdded_ROW,Highlight,highlight,,,DC_Task
