Step,ObjectName,Description,Action,Input,Condition,Reference
1,Browser,Change Default Element finding wait time by [<Data>] seconds,setElementTimeOut,@10,,
2,AssignPerformer_HL,Click on [<Object>],clickByJS,,,DC_ClaimDetails
3,Browser,Change Default Element finding wait time by [<Data>] seconds,setElementTimeOut,@2,,
4,AddPerformer_BTN,Click on [<Object>],clickByJS,,,DC_AssignPerformer
5,Browser,changing wait time by [<Data>] seconds,changeWaitTime,@10,,
6,Browser,Switch to frame by name: [<Data>],switchToFrame,@wndAssignPerformer,,
7,Browser,changing wait time by [<Data>] seconds,changeWaitTime,@2,,
8,Performer_DD,Wait  for the element [<Object>] to be present,waitForElementToBePresent,,,DC_AssignPerformer
9,Performer_DD,Click on [<Object>],clickByJS,,,DC_AssignPerformer
10,Performer_LI,Enter the value [<Data>] in the Field [<Object>]  if the test data is available,setObjectProperty,DC_AssignPerformer:Performer_LI,PERFORMER,DC_AssignPerformer
11,Performer_LI,Click on [<Object>],clickByJS,,,DC_AssignPerformer
12,Browser,Send Keys [<Data>]  to Window.,sendKeysToWindow,@TAB,,
13,Level_DD,Click on [<Object>],clickByJS,,,DC_AssignPerformer
14,Level_LI,Set object [<Object>] property  as [<Data>] at runtime,setObjectProperty,DC_AssignPerformer:Level_LI,LEVEL,DC_AssignPerformer
15,Level_LI,Click on [<Object>],clickByJS,,,DC_AssignPerformer
16,Browser,Send Keys [<Data>]  to Window.,sendKeysToWindow,@TAB,,
17,Role_DD,Click on [<Object>],clickByJS,,,DC_AssignPerformer
18,Role_LI,Set object [<Object>] property  as [<Data>] at runtime,setObjectProperty,DC_AssignPerformer:Role_LI,ROLE,DC_AssignPerformer
19,Role_LI,Click on [<Object>],clickByJS,,,DC_AssignPerformer
20,Browser,"Take a Screen Shot ",takeScreenshot,,,
21,Save_BTN,Click on [<Object>],clickByJS,,,DC_AssignPerformer
22,LoadingElement,"Click and hold the [<Object>] element ",DC_LoadingElementWait,@display: none; height:,style,DC_LoadingMask
23,Browser,"Take a Screen Shot ",takeScreenshot,,,
24,Execute,,DC_AssignPerformer:VerifyAlert_OK,,,
25,Execute,,DC_AssignPerformer:VerifyPerformer,,,
