Step,ObjectName,Description,Action,Input,Condition,Reference
1,Browser,Change Default Element finding wait time by [<Data>] seconds,setElementTimeOut,@10,,
2,Performer_ROW,Set object [<Object>] property  as [<Data>] at runtime,setObjectProperty,DC_AssignPerformer:Role_LI,ROLE,DC_AssignPerformer
3,Performer_ROW,Set object [<Object>] property  as [<Data>] at runtime,setObjectProperty,DC_AssignPerformer:Performer_LI,PERFORMER,DC_AssignPerformer
4,Performer_ROW,Set object [<Object>] property  as [<Data>] at runtime,setObjectProperty,DC_AssignPerformer:Level_LI,LEVEL,DC_AssignPerformer
5,Performer_ROW,Highlight the element [<Object>],highlight,,,DC_AssignPerformer
