Step,ObjectName,Description,Action,Input,Condition,Reference
1,AlertOK_BTN,Click the [<Object>] if it is displayed,ClickIfVisible,,,DC_AssignPerformer
2,LoadingElement,"Click and hold the [<Object>] element ",DC_LoadingElementWait,@display: none; height:,style,DC_LoadingMask
3,Browser,"Take a Screen Shot ",takeScreenshot,,,
4,Browser,changing wait time by [<Data>] seconds,changeWaitTime,@10,,
5,LoadingElement,"Click and hold the [<Object>] element ",DC_LoadingElementWait,@display: none; height:,style,DC_LoadingMask
