Step,ObjectName,Description,Action,Input,Condition,Reference
1,Execute,,DC_Login:LaunchApplication,,,
2,Execute,,DC_FNOL:FNOLLossSetup,,,
3,Execute,,DC_FNOL:PolicyDetails,,,
4,Execute,,DC_FNOL:LossDetails,,,
5,Execute,,DC_FNOL:DuplicateClaimSearch,,,
6,Execute,,DC_FNOL:ParticipantDetails,,,
7,Execute,,DC_FNOL:DuplicateClaimSearch,,,
8,Execute,,DC_FNOL:Employment,,,
9,Execute,,DC_FNOL:KeyFacts,,,
10,Execute,,DC_FNOL:ParticipantList,,,
11,Execute,,DC_FNOL:Discrepency,,,
12,Execute,,DC_FNOL:Summary,,,
