Step,ObjectName,Description,Action,Input,Condition,Reference
1,SetReserve_HL,Highlight the element [<Object>],highlight,,,DC_INeedTo
2,SetReserve_HL,Highlight the element [<Object>],clickByJS,,,DC_INeedTo
3,Add_BTN,Set object [<Object>] property  as [<Data>] at runtime,DC_setObjectProperty,DC_ReserveWorksheet:Line,REPLACE,DC_Reserve
4,Add_BTN,"Click the [<Object>] ",DC_clickByJS,DC_ReserveWorksheet:Line,,DC_Reserve
5,LoadingElement,"Wait for [<Object>] to be invisible ",DC_LoadingElementWait,@display: none; height,style,DC_LoadingMask
6,ReserveTypeDD,"Wait for [<Object>] to be visible ",waitForElementToBeVisible,,,DC_Reserve
7,ReserveTypeDD,Enter the value [<Data>] in the Field [<Object>],DC_Set,DC_ReserveWorksheet:ReserveType,,DC_Reserve
8,Browser,Send Keys [<Data>]  to Window.,sendKeysToWindow,@TAB,,
9,LoadingElement,"Wait for [<Object>] to be invisible ",DC_LoadingElementWait,@display: none; height,style,DC_LoadingMask
10,ServiceBenefitType_DD,Enter the value [<Data>] in the Field [<Object>],DC_Set,DC_ReserveWorksheet:ServiceBenefitType,,DC_Reserve
11,Browser,Send Keys [<Data>]  to Window.,sendKeysToWindow,@TAB,,
12,Amount_TB,Enter the value [<Data>] in the Field [<Object>],DC_Set,DC_ReserveWorksheet:Amount,,DC_Reserve
13,Unit_DD,Enter the value [<Data>] in the Field [<Object>],DC_Set,DC_ReserveWorksheet:Unit,,DC_Reserve
14,Browser,Send Keys [<Data>]  to Window.,sendKeysToWindow,@TAB,,
15,Quantity,Enter the value [<Data>] in the Field [<Object>],DC_Set,DC_ReserveWorksheet:Quantity,,DC_Reserve
16,Reason_DD,Enter the value [<Data>] in the Field [<Object>],DC_Set,DC_ReserveWorksheet:Reason,,DC_Reserve
17,Browser,Send Keys [<Data>]  to Window.,sendKeysToWindow,@TAB,,
18,Save_BTN,"Click the [<Object>] ",clickByJS,,,DC_Reserve
19,LoadingElement,"Wait for [<Object>] to be invisible ",DC_LoadingElementWait,@display: none; height,style,DC_LoadingMask
20,Execute,,DC_Reserves:VerifySavedReserve,,,
