Step,ObjectName,Description,Action,Input,Condition,Reference
1,SetReserve_HL,Highlight the element [<Object>],clickByJS,,,DC_INeedTo
2,SaverdReserve_Row,Set object [<Object>] property  as [<Data>] at runtime,setObjectProperty,DC_ReserveWorksheet:ReserveType,RESERVE_TYPE,DC_Reserve
3,SaverdReserve_Row,Set object [<Object>] property  as [<Data>] at runtime,setObjectProperty,DC_ReserveWorksheet:ServiceBenefitType,SERVICE_BENEFIT_TYPE,DC_Reserve
4,SaverdReserve_Row,Set object [<Object>] property  as [<Data>] at runtime,setObjectProperty,DC_ReserveWorksheet:Amount,AMOUNT,DC_Reserve
5,SaverdReserve_Row,Highlight the element [<Object>],highlight,,,DC_Reserve
