Step,ObjectName,Description,Action,Input,Condition,Reference
1,Execute,,DC_RecoveryDetails:NavigateToRecoveryUI,,,
2,AddRecovery_BTN,Click on [<Object>],clickByJS,,,DC_RecoveryDetails
3,LoadingElement,"Click and hold the [<Object>] element ",DC_LoadingElementWait,@display: none; height:,style,DC_LoadingMask
4,Browser,Switch to frame by name: [<Data>],switchToFrame,@wndRecoveryDetails,,
5,Participant_DD,Click on [<Object>],clickByJS,,,DC_RecoveryDetails
6,Participant_LI,Set object [<Object>] property  as [<Data>] at runtime,setObjectProperty,DC_RecoveryDetails:ParticipantRole_LI,ROLES,DC_RecoveryDetails
7,Participant_LI,Wait  for the element [<Object>] to be present,waitForElementToBePresent,,,DC_RecoveryDetails
8,Participant_LI,Click on [<Object>],clickByJS,,,DC_RecoveryDetails
9,ClaimantLine_DD,Click on [<Object>],clickByJS,,,DC_RecoveryDetails
10,Execute,,DC_RecoveryDetails:SelectPayment,,,
11,TotalPaymentAmount_TXT,Store the [<Object>] element's text into datasheet:columname [<Data>],storeTextinDataSheet,DC_RecoveryDetails:TotalPaymentAmount_TXT,,DC_RecoveryDetails
12,RecoveryDueDate_TB,Enter the value [<Data>] in the Field [<Object>]  if the test data is available,DC_Set,"=Date(""0"",MM/dd/yyyy)",,DC_RecoveryDetails
13,RecoveryDueDate_TB,Store the [<Object>] element's text into datasheet:columname [<Data>],storeTextinDataSheet,DC_RecoveryDetails:RecoveryDueDate_TB,,DC_RecoveryDetails
14,Fee_DD,Click on [<Object>],clickByJS,,,DC_RecoveryDetails
15,Fee_LI,Set object [<Object>] property  as [<Data>] at runtime,setObjectProperty,DC_RecoveryDetails:Fee_LI,REPLACE,DC_RecoveryDetails
16,ExpectedRecovery_TB,Enter the value [<Data>] in the Field [<Object>]  if the test data is available,DC_Set,DC_RecoveryDetails:ExpectedRecovery_TB,,DC_RecoveryDetails
17,RecoveryType_DD,Click on [<Object>],clickByJS,,,DC_RecoveryDetails
18,RecoveryType_LI,Set object [<Object>] property  as [<Data>] at runtime,DC_setObjectProperty,DC_RecoveryDetails:RecoveryType_DD,REPLACE,DC_RecoveryDetails
19,RecoveryType_LI,"Click on [<Object>] if the test data is available ",DC_clickByJS,DC_RecoveryDetails:RecoveryType_DD,,DC_RecoveryDetails
20,RecoveryDocumentReference_TB,Enter the value [<Data>] in the Field [<Object>]  if the test data is available,DC_Set,DC_RecoveryDetails:RecoveryDocumentReference_TB,,DC_RecoveryDetails
21,Save_BTN,"Click the [<Object>] ",Click,,,DC_RecoveryDetails
22,LoadingElement,"Click and hold the [<Object>] element ",DC_LoadingElementWait,@display: none; height:,style,DC_LoadingMask
23,Browser,"Take a Screen Shot ",takeScreenshot,,,
24,Browser,Wait for Page to be loaded,waitForPageLoaded,,,
