Step,ObjectName,Description,Action,Input,Condition,Reference
1,InjuredWorker_HL,Store the [<Object>] element's text into the Runtime variable: [<Data>],storeText,%Claimant%,,DC_ClaimDetails
2,Browser,Add a variable to access within testcase,AddVar,DC_RecoveryDetails:InjuredWorkerLine_LI,%QLM_VAR%,
3,Browser,Store the result of Javascript expression value in a variable,storeEval,"=Concat(var a ='%QLM_VAR%'; var b = '%Claimant%';'if(a=='Claimant'),{return b;} else{return a;}):",%ReplaceValue%,
4,InjuredWorkerLine_QLM,Set object [<Object>] property  as [<Data>] at runtime,setObjectProperty,%ReplaceValue%,REPLACE,DC_ClaimDetails
5,SelectQLM_LI,Set object [<Object>] property  as [<Data>] at runtime,setObjectProperty,@RecoveryDetails,REPLACE,DC_ClaimDetails
6,InjuredWorkerLine_QLM,"Click the [<Object>] ",Click,,,DC_ClaimDetails
7,SelectQLM_LI,"Click the [<Object>] ",Click,,,DC_ClaimDetails
