Step,ObjectName,Description,Action,Input,Condition,Reference
1,Browser,"Execute Resuable if mentioned in the data sheet in the format Scenario|TestCase ",DC_ExecuteReusable,DC_RecoveryDetails:PreconditionReusable,Start Param,
2,Browser,"Execute Resuable if mentioned in the data sheet in the format Scenario|TestCase ",DC_ExecuteReusable,DC_RecoveryDetails:PaymentMethodReusable,,
3,Browser,"Execute Resuable if mentioned in the data sheet in the format Scenario|TestCase ",DC_ExecuteReusable,DC_RecoveryDetails:RecoveryReusable,,
4,Browser,"Execute Resuable if mentioned in the data sheet in the format Scenario|TestCase ",DC_ExecuteReusable,DC_RecoveryDetails:VerifyRecoveryReusable,,
5,Browser,"Execute Resuable if mentioned in the data sheet in the format Scenario|TestCase ",DC_ExecuteReusable,DC_RecoveryDetails:PostRecoveryReusable,End Param,
