Step,ObjectName,Description,Action,Input,Condition,Reference
1,Browser,Wait for Page to be loaded,waitForPageLoaded,,,
2,SelectPayment_HL,Click on [<Object>],clickByJS,,,DC_RecoveryDetails
3,LoadingElement,"Click and hold the [<Object>] element ",DC_LoadingElementWait,@display: none; height:,style,DC_LoadingMask
4,SelectFinancialType_CHB,Set object [<Object>] property  as [<Data>] at runtime,DC_setObjectProperty,DC_Payment:PaymentType,TYPE,DC_RecoveryDetails
5,SelectFinancialType_CHB,Set object [<Object>] property  as [<Data>] at runtime,DC_setObjectProperty,DC_Payment:ClaimantLine,LINE,DC_RecoveryDetails
6,SelectFinancialType_CHB,Set object [<Object>] property  as [<Data>] at runtime,DC_setObjectProperty,DC_Payment:ServiceBenefit,SERVICE TYPE,DC_RecoveryDetails
7,SelectFinancialType_CHB,Click on [<Object>],clickByJS,,,DC_RecoveryDetails
8,Continue_BTN,Click on [<Object>],clickByJS,,,DC_RecoveryDetails
9,LoadingElement,"Click and hold the [<Object>] element ",DC_LoadingElementWait,@display: none; height:,style,DC_LoadingMask
10,Browser,Wait for Page to be loaded,waitForPageLoaded,,,
