Step,ObjectName,Description,Action,Input,Condition,Reference
1,CreateALetter_HL,"Wait for [<Object>] to be clickable ",waitForElementToBeClickable,,,DC_Forms
2,CreateALetter_HL,Click on [<Object>],clickByJS,,,DC_Forms
3,FilterNumber_TB,Enter the value [<Data>] in the Field [<Object>],Set,DC_Forms:Template_Number,,DC_Forms
4,FilterBTN_HL,"Click the [<Object>] ",Click,,,DC_Forms
5,FilterType_HL,Set object [<Object>] property  as [<Data>] at runtime,setObjectProperty,@Equal To,REPLACE,DC_Forms
6,FilterType_HL,"Wait for [<Object>] to be visible ",waitForElementToBeVisible,,,DC_Forms
7,FilterType_HL,"Click the [<Object>] ",Click,,,DC_Forms
8,LoadingElement,Wait for expected condition attribute in Condition and value in Input,DC_LoadingElementWait,@display: none; height:,style,DC_LoadingMask
