Step,ObjectName,Description,Action,Input,Condition,Reference
1,Continue_BTN,"Wait for [<Object>] to be clickable ",waitForElementToBeClickable,,,DC_Forms
2,Continue_BTN,Click on [<Object>],clickByJS,,,DC_Forms
3,LoadingElement,Wait for expected condition attribute in Condition and value in Input,DC_LoadingElementWait,@display: none; height:,style,DC_LoadingMask
4,Browser,switching to window by title [<Data>],switchToWindowByTitleContains,@Template,,
5,Browser,Change Default Element finding wait time by [<Data>] seconds,setElementTimeOut,@2,,
6,Continue_BTN,Click on [<Object>],clickByJS,,,DC_Forms
7,Browser,Change default element finding wait time by [<Data>] seconds,setElementTimeOut,@30,,
8,Browser,changing wait time by [<Data>] seconds,changeWaitTime,@30,,DC_ClaimsHomePage
9,Browser,"Take a Screen Shot ",takeScreenshot,,,
