Step,ObjectName,Description,Action,Input,Condition,Reference
1,Browser,Switch to Window by Index: [<Data>],switchToWindowByIndex,@0,,
2,Browser,Open the Url [<Data>] in the Browser,Open,@chrome://downloads/,,
3,Browser,Wait for [<Data>] milli seconds,pause,@6000,,
4,Browser,Add a variable to access within testcase,AddVar,DC_Forms:Template_Name,%FormName%,
5,Browser,Add a variable to access within testcase,AddVar,DC_Forms:Application,%Type%,DC_Forms
6,Browser,Store the result of Javascript expression value in a variable,storeEval,"=Concat(var a =',%Type%,'; if(a=='MICROSOFT WORD'){a='.docm'; return a;} else{a='.pdf'; return a;}):",%Ext%,
7,Browser,Add a variable to access within testcase,AddVar,"=Concat(%FormName%,%Ext%):",%FormsNamewithExt%,
8,Browser,Assert if text: [<Data>] is present on the page,verifyTextPresentInPage,%FormsNamewithExt%,,
9,Browser,"Take a Screen Shot ",takeScreenshot,,,
