Step,ObjectName,Description,Action,Input,Condition,Reference
1,ViewDetails_BTN,"Click the [<Object>] ",Click,,,DC_Forms
2,Browser,Wait for [<Data>] milli seconds,pause,@8000,,
3,Browser,switching to window by title [<Data>],switchToWindowByTitleContains,@Details,,
4,TemplateNumber_TXT,Assert if [<Object>]'s Text Equals [Ignorecase] [<Data>],assertElementTextEquals,DC_Forms:Template_Number,,DC_Forms
5,TemplateName_TXT,Assert if [<Object>]'s Text Equals [Ignorecase] [<Data>],assertElementTextEquals,DC_Forms:Template_Name,,DC_Forms
6,LetterEditingRule_TXT,Assert if [<Object>]'s Text Equals [Ignorecase] [<Data>],assertElementTextEquals,DC_Forms:Letter_Editing_Rule,,DC_Forms
7,AddresseeRole_TXT,Assert if [<Object>]'s Text Equals [Ignorecase] [<Data>],assertElementTextEquals,DC_Forms:Addressee_Role,,DC_Forms
8,Category_TXT,Assert if [<Object>]'s Text Equals [Ignorecase] [<Data>],assertElementTextEquals,DC_Forms:Category,,DC_Forms
9,LineOfBusiness_TXT,Assert if [<Object>]'s Text Equals [Ignorecase] [<Data>],assertElementTextEquals,DC_Forms:Line_Of_Business,,DC_Forms
10,RegulatoryCountry_TXT,Assert if [<Object>]'s Text Equals [Ignorecase] [<Data>],assertElementTextEquals,DC_Forms:Regulatory_Country,,DC_Forms
11,RegulatoryControl_TXT,Assert if [<Object>]'s Text Equals [Ignorecase] [<Data>],assertElementTextEquals,DC_Forms:Regulatory_Control,,DC_Forms
12,Browser,Close the current window and switch to default window,closeAndSwitchToWindow,,,
13,Browser,switching to window by title [<Data>],switchToWindowByTitleContains,@Search and Results,,
14,Browser,Wait for Frame To Be Available and Switch to it,waitForFrameAndSwitch,@mainContentIFrame,,
15,Browser,changing wait time by [<Data>] seconds,changeWaitTime,@2,,
