Step,ObjectName,Description,Action,Input,Condition,Reference
1,InjuredWorker_QLM,Click on [<Object>],clickByJS,,,DC_ClaimDetail_Tree
2,AddLine_HL,Click on [<Object>],clickByJS,,,DC_ClaimDetail_Tree
3,Browser,Change Default Element finding wait time by [<Data>] seconds,setElementTimeOut,@10,,
4,WorkersCompensation_QLM,"Click the [<Object>] ",Click,,,DC_AddLine
5,Browser,Change Default Element finding wait time by [<Data>] seconds,setElementTimeOut,@2,,
6,SelectLine_TXT,Set object [<Object>] property  as [<Data>] at runtime,setObjectProperty,DC_AddLine:SelectLine_TXT,REPLACE,DC_AddLine
7,SelectLine_TXT,"Click the [<Object>] ",Click,,,DC_AddLine
8,DragSelectedLine_BTN,"Click the [<Object>] ",Click,,,DC_AddLine
9,LoadingElement,Wait for expected condition attribute in Condition and value in Input,DC_LoadingElementWait,@display: none; height:,style,LoadingMask
10,Save_BTN,"Click the [<Object>] ",Click,,,DC_AddLine
11,LoadingElement,Wait for expected condition attribute in Condition and value in Input,DC_LoadingElementWait,@display: none; height:,style,LoadingMask
