[{"module":"JIRA - Zephyr","options":[{"name":"JIRAZephyrUrl","value":""},{"name":"JIRAZephyrUserName","value":""},{"name":"JIRAZephyrPassword","value":""},{"name":"JIRAZephyrProject","value":""},{"name":"useProxy","value":"false"},{"name":"proxyHost","value":""},{"name":"proxyPort","value":""}]},{"module":"Quality Center","options":[{"name":"QCUserName","value":""},{"name":"QCUrl","value":""},{"name":"QCPassword","value":""},{"name":"QCDomain","value":""},{"name":"QCProject","value":""},{"name":"qcTestsetLocation","value":""},{"name":"qcTestsetName","value":""},{"name":"useProxy","value":"false"},{"name":"proxyHost","value":""},{"name":"proxyPort","value":""}]},{"module":"QC_REST","options":[{"name":"QCUserName","value":""},{"name":"QCUrl","value":""},{"name":"QCPassword","value":""},{"name":"QCDomain","value":""},{"name":"QCProject","value":""},{"name":"qcTestsetLocation","value":""},{"name":"qcTestsetName","value":""},{"name":"useProxy","value":"false"},{"name":"proxyHost","value":""},{"name":"proxyPort","value":""}]},{"module":"VS Team Services","options":[{"name":"VSTSProject","value":""},{"name":"VSTSAccessToken","value":"accessToken"},{"name":"VSTSUrl","value":"https://EXAMPLE.visualstudio.com/"},{"name":"VSTSTestPlanId","value":""},{"name":"useProxy","value":"false"},{"name":"proxyHost","value":""},{"name":"proxyPort","value":""}]},{"module":"Zephyr","options":[{"name":"ZephyrUserName","value":""},{"name":"ZephyrUrl","value":""},{"name":"ZephyrPassword","value":""},{"name":"ZephyrProject","value":""},{"name":"ZephyrTestPhase","value":""},{"name":"useProxy","value":"false"},{"name":"proxyHost","value":""},{"name":"proxyPort","value":""}]},{"module":"qTestManager","options":[{"name":"qTestUrl","value":""},{"name":"qTestUserName","value":""},{"name":"qTestPassword","value":""},{"name":"qTestSiteName","value":""},{"name":"qTestCycleName","value":""},{"name":"useProxy","value":"false"},{"name":"proxyHost","value":""},{"name":"proxyPort","value":""}]},{"module":"JiraCloud","options":[{"name":"JiraBaseURL","value":""},{"name":"Username","value":""},{"name":"API Token","value":""},{"name":"ZephyrBaseURL","value":""},{"name":"SecretKey","value":""},{"name":"AccessKey","value":""},{"name":"project","value":""},{"name":"ReleaseName","value":""},{"name":"CycleName","value":""},{"name":"useProxy","value":"true"},{"name":"proxyHost","value":""},{"name":"proxyPort","value":""}]},{"module":"TestRail","options":[{"name":"TestRailURL","value":""},{"name":"Username","value":""},{"name":"Password","value":""},{"name":"Project","value":""},{"name":"TestSetName","value":""},{"name":"useProxy","value":"false"},{"name":"proxyHost","value":""},{"name":"proxyPort","value":""}]}]