Step,ObjectName,Description,Action,Input,Condition,Reference
1,InjuredWorkerLineQLM,Set object [<Object>] property  as [<Data>] at runtime,setObjectProperty,DC_ClaimDetails:InjuredWorkerLineQLM,REPLACE,DC_ClaimDetails
2,InjuredWorkerLineQLM,Click on [<Object>],clickByJS,,,DC_ClaimDetails
3,SelectQLM_list,Set object [<Object>] property  as [<Data>] at runtime,setObjectProperty,DC_ClaimDetails:SelectQLM_list,REPLACE,DC_ClaimDetails
4,SelectQLM_list,Click on [<Object>],clickByJS,,,DC_ClaimDetails
5,LoadingElement,Wait for expected condition attribute in Condition and value in Input,DC_LoadingElementWait,@display : None; height:,style,DC_LoadingMask
6,Litigation_MarkInError,Click on [<Object>],clickByJS,,,DC_Litigation
7,Browser,"Change Default Element ",switchToFrame,@dialogIframe,,DC_Litigation
8,OK_BTN,Click on [<Object>],clickByJS,,,DC_Litigation
9,Browser,"Take a Screen Shot ",takeScreenshot,,,
