Step,ObjectName,Description,Action,Input,Condition,Reference
1,InjuredWorkerLineQLM,Set object [<Object>] property  as [<Data>] at runtime,setObjectProperty,DC_ClaimDetails:InjuredWorkerLineQLM,REPLACE,DC_ClaimDetails
2,InjuredWorkerLineQLM,Click on [<Object>],clickByJS,,,DC_ClaimDetails
3,SelectQLM_list,Set object [<Object>] property  as [<Data>] at runtime,setObjectProperty,DC_ClaimDetails:SelectQLM_list,REPLACE,DC_ClaimDetails
4,SelectQLM_list,Click on [<Object>],clickByJS,,,DC_ClaimDetails
5,LoadingElement,Wait for expected condition attribute in Condition and value in Input,DC_LoadingElementWait,@display : None; height:,style,DC_LoadingMask
6,AddLitigation_BTN,Click on [<Object>],clickByJS,,,DC_Litigation
7,LoadingElement,Wait for expected condition attribute in Condition and value in Input,DC_LoadingElementWait,@display : None; height:,style,DC_LoadingMask
8,Browser,"Take a Screen Shot ",takeScreenshot,,,
9,Browser,Switch to frame by name: [<Data>],switchToFrame,@wndLitigation,,
"//10",EventDate_Label,Assert if [<Object>] is present,assertElementPresent,,,DC_AddLitigation
"//11",ReferredToAttorney_Label,Assert if [<Object>] is present,assertElementPresent,,,DC_AddLitigation
"//12",Litigation_Event_Label,Assert if [<Object>] is present,assertElementPresent,,,DC_AddLitigation
13,Status_DD,"Click the [<Object>] ",Click,,,DC_Litigation
14,Status_LI,Set object [<Object>] property  as [<Data>] at runtime,setObjectProperty,DC_Litigation:Status_LI,REPLACE,DC_Litigation
15,Status_LI,Click on [<Object>],clickByJS,,,DC_Litigation
16,LoadingElement,Wait for expected condition attribute in Condition and value in Input,DC_LoadingElementWait,@display : None; height:,style,DC_LoadingMask
17,Date to Attorney_TB,Enter the value [<Data>] in the Field [<Object>],DC_Set,"=Date(""0"",MM/dd/yyyy):",,DC_Litigation
18,Date to Attorney_TB,Store the [<Object>] element's text into datasheet:columname [<Data>],storeTextinDataSheet,DC_Litigation:Date To Attorney_TB,,DC_Litigation
19,Date to Attorney_TB,Send Keys [<Data>]  to object [<Object>].,sendKeysToElement,@TAB,,DC_Litigation
20,LoadingElement,Wait for expected condition attribute in Condition and value in Input,DC_LoadingElementWait,@display : None; height:,style,DC_LoadingMask
21,Disposition_DD,"Click the [<Object>] ",Click,,,DC_Litigation
22,Disposition_LI,Set object [<Object>] property  as [<Data>] at runtime,setObjectProperty,DC_Litigation:Disposition_LI,REPLACE,DC_Litigation
23,Disposition_LI,"Click the [<Object>] ",clickByJS,,,DC_Litigation
24,Disclosure Date_TB,Click on [<Object>],clickByJS,,,DC_Litigation
25,Disclosure Date_TB,Enter the value [<Data>] in the Field [<Object>],Set,"=Date(""7"",MM/dd/yyyy):",,DC_Litigation
26,Disclosure Date_TB,Store the [<Object>] element's text into datasheet:columname [<Data>],storeTextinDataSheet,DC_Litigation:DisclosureDate_TB,,DC_Litigation
27,Browser,"Take a Screen Shot ",takeScreenshot,,,
28,Disclosure Date_TB,Send Keys [<Data>]  to object [<Object>].,sendKeysToElement,@TAB,,DC_Litigation
29,Caption_TB,Enter the value [<Data>] in the Field [<Object>],Set,DC_Litigation:Caption_TB,,DC_Litigation
30,Trial Date_TB,"Click the [<Object>] ",Click,,,DC_Litigation
31,Trial Date_TB,Enter the value [<Data>] in the Field [<Object>],Set,"=Date(""4"",MM/dd/yyyy)",,DC_Litigation
32,Trial Date_TB,Store the [<Object>] element's text into datasheet:columname [<Data>],storeTextinDataSheet,DC_Litigation:Trial Date_TB,,DC_Litigation
33,Venue_DD,"Click the [<Object>] ",DC_Click,DC_Litigation:Venue_LI,,DC_Litigation
34,Venue_LI,Set object [<Object>] property  as [<Data>] at runtime,DC_setObjectProperty,DC_Litigation:Venue_LI,REPLACE,DC_Litigation
35,Venue_LI,"Click the [<Object>] ",DC_Click,DC_Litigation:Venue_LI,,DC_Litigation
36,Defense Type_DD,"Click the [<Object>] ",Click,,,DC_Litigation
37,Defense Type_LI,Set object [<Object>] property  as [<Data>] at runtime,setObjectProperty,DC_Litigation:DefenseType_LI,REPLACE,DC_Litigation
38,Defense Type_LI,"Click the [<Object>] ",clickByJS,,,DC_Litigation
39,Litigation Type_DD,"Click the [<Object>] ",Click,,,DC_Litigation
40,Litigation Type_LI,Set object [<Object>] property  as [<Data>] at runtime,setObjectProperty,DC_Litigation:LitigationType_LI,REPLACE,DC_Litigation
41,Litigation Type_LI,"Click the [<Object>] ",clickByJS,,,DC_Litigation
42,Country_DD,"Click the [<Object>] ",Click,,,DC_Litigation
43,Country_LI,Set object [<Object>] property  as [<Data>] at runtime,setObjectProperty,DC_Litigation:Country_LI,REPLACE,DC_Litigation
44,Country_LI,"Click the [<Object>] ",clickByJS,,,DC_Litigation
45,LoadingElement,Wait for expected condition attribute in Condition and value in Input,DC_LoadingElementWait,@display : None; height:,style,DC_LoadingMask
46,State_DD,"Click the [<Object>] ",Click,,,DC_Litigation
47,State_LI,Enter the value [<Data>] in the Field [<Object>],setObjectProperty,DC_Litigation:State_LI,REPLACE,DC_Litigation
48,State_LI,Click on [<Object>],clickByJS,,,DC_Litigation
49,LoadingElement,Wait for expected condition attribute in Condition and value in Input,DC_LoadingElementWait,@display : None; height:,style,DC_LoadingMask
50,County_DD,Click the [<Object>] and Wait for Page to be loaded,Click,,,DC_Litigation
51,County_LI,Enter the value [<Data>] in the Field [<Object>],setObjectProperty,DC_Litigation:County_LI,REPLACE,DC_Litigation
52,County_LI,"Click the [<Object>] ",clickByJS,,,DC_Litigation
53,Participant_DD,"Click the [<Object>] ",Click,,,DC_Litigation
54,Participant_LI,Set object [<Object>] property  as [<Data>] at runtime,setObjectProperty,DC_Litigation:Participant_LI,REPLACE,DC_Litigation
55,Participant_LI,"Click the [<Object>] ",clickByJS,,,DC_Litigation
56,Browser,Send Keys [<Data>]  to Window.,sendKeysToWindow,@TAB,,
57,Included Lines_DD,"Click the [<Object>] ",Click,,,DC_Litigation
58,Included Lines_LI,Set object [<Object>] property  as [<Data>] at runtime,setObjectProperty,DC_Litigation:IncludedLines_LI,REPLACE,DC_Litigation
59,Included Lines_LI,"Click the [<Object>] ",ClickIfVisible,,,DC_Litigation
60,Browser,"Take a Screen Shot ",takeScreenshot,,,
61,LitigationSave_BTN,"Click the [<Object>] ",Click,,,DC_Litigation
62,LoadingElement,Wait for expected condition attribute in Condition and value in Input,DC_LoadingElementWait,@display : None; height:,style,DC_LoadingMask
63,Browser,"Take a Screen Shot ",takeScreenshot,,,
