Step,ObjectName,Description,Action,Input,Condition,Reference
1,Browser,Switch to frame by name: [<Data>],switchToFrame,@wndModifyPartDetails,,
2,PartySearchedType_TB,Click on [<Object>],clickByJS,,,DC_PartySearch
3,PartySearchedType_TB,Set [<Data>] on [<Object>],setByJS,DC_PartySearch:PartySearchedType_TB,,DC_PartySearch
4,PartySearchedType_TB,Send Keys [<Data>]  to object [<Object>].,sendKeysToElement,@TAB,,DC_PartySearch
5,PartySearchedCountry_TB,Send Keys [<Data>]  to object [<Object>].,sendKeysToElement,@TAB,,DC_PartySearch
6,PartySearchedBy_TB,To Perform Right Click action on WebPage/Element,sendKeysToElement,@TAB,,DC_PartySearch
7,PartySearchContains_TB,Send Keys [<Data>]  to object [<Object>].,sendKeysToElement,@TAB,,DC_PartySearch
8,PartySearchContent_TB,Set [<Data>] on [<Object>],setByJS,DC_PartySearch:PartySearchContent_TB,,DC_PartySearch
9,Search_BTN,Click on [<Object>],clickByJS,,,DC_PolicySearchAndResults
10,LoadingElement,"Click and hold the [<Object>] element ",DC_LoadingElementWait,@display: none; height:,style,DC_LoadingMask
11,PartySelect_BTN,Click on [<Object>],clickByJS,,,DC_PartySearch
12,LoadingElement,"Click and hold the [<Object>] element ",DC_LoadingElementWait,@display: none; height:,style,DC_LoadingMask
