Step,ObjectName,Description,Action,Input,Condition,Reference
1,PartySearchContent_TB,Set [<Data>] on [<Object>],setByJS,DC_AddParticipant:LastNameRandom,,DC_PartySearch
2,PartySearchContent_TB,Send Keys [<Data>]  to object [<Object>].,sendKeysToElement,@Tab,,DC_PartySearch
3,PartySearch_BTN,Click on [<Object>],clickByJS,,,DC_PartySearch
4,LoadingElement,"Wait for [<Object>] to be invisible ",DC_LoadingElementWait,@display: none; height,style,DC_LoadingMask
5,Party_RB,Set object [<Object>] property  as [<Data>] at runtime,setObjectProperty,DC_AddParticipant:LastNameRandom,LASTNAME,DC_PartySearch
6,Party_RB,Set object [<Object>] property  as [<Data>] at runtime,setObjectProperty,DC_AddParticipant:FirstNameRandom,FIRSTNAME,DC_PartySearch
7,Party_RB,Click on [<Object>],ClickIfVisible,,,DC_PartySearch
8,LoadingElement,"Wait for [<Object>] to be invisible ",DC_LoadingElementWait,@display: none; height,style,DC_LoadingMask
9,PartySelect_BTN,"Click the [<Object>] ",Click,,,DC_PartySearch
10,LoadingElement,"Wait for [<Object>] to be invisible ",DC_LoadingElementWait,@display: none; height,style,DC_LoadingMask
11,Browser,"Take a Screen Shot ",takeScreenshot,,,
