Step,ObjectName,Description,Action,Input,Condition,Reference
1,Add_BTN,"Click the [<Object>]  if the test data is available ",DC_Click,DC_Payment:AddButtonVisible,,DC_Payment
2,LoadingElement,"Wait for [<Object>] to be invisible ",DC_LoadingElementWait,@display: none; height,style,DC_LoadingMask
3,ClaimantLine_DD,"Click the [<Object>]  if the test data is available ",DC_Click,DC_Payment:ClaimantLine,,DC_Payment
4,ClaimantLine_LI,Set object [<Object>] property  as [<Data>] at runtime,DC_setObjectProperty,DC_Payment:ClaimantLine,REPLACE,DC_Payment
5,ClaimantLine_LI,"Click the [<Object>]  if the test data is available ",DC_Click,DC_Payment:ClaimantLine,,DC_Payment
6,LoadingElement,"Wait for [<Object>] to be invisible ",DC_LoadingElementWait,@display: none; height,style,DC_LoadingMask
7,PaymentType_DD,"Click the [<Object>]  if the test data is available ",DC_Click,DC_Payment:PaymentType,,DC_Payment
8,PaymentType_LI,Set object [<Object>] property  as [<Data>] at runtime,DC_setObjectProperty,DC_Payment:PaymentType,REPLACE,DC_Payment
9,PaymentType_LI,"Click the [<Object>]  if the test data is available ",DC_Click,DC_Payment:PaymentType,,DC_Payment
10,LoadingElement,"Wait for [<Object>] to be invisible ",DC_LoadingElementWait,@display: none; height,style,DC_LoadingMask
11,ServiceBenefit_DD,"Click the [<Object>]  if the test data is available ",DC_Click,DC_Payment:ServiceBenefit,,DC_Payment
12,ServiceBenefit_LI,Set object [<Object>] property  as [<Data>] at runtime,DC_setObjectProperty,DC_Payment:ServiceBenefit,REPLACE,DC_Payment
13,ServiceBenefit_LI,"Click the [<Object>]  if the test data is available ",DC_Click,DC_Payment:ServiceBenefit,,DC_Payment
14,LoadingElement,"Wait for [<Object>] to be invisible ",DC_LoadingElementWait,@display: none; height,style,DC_LoadingMask
15,ApprovedAmount_TB,Enter the value [<Data>] in the Field [<Object>]  if the test data is available,DC_Set,DC_Payment:ApprovedAmount,,DC_Payment
16,ServiceStartDate_TB,Enter the value [<Data>] in the Field [<Object>]  if the test data is available,DC_Set,DC_Payment:ServiceStartDate,,DC_Payment
17,ServiceEndDate_TB,Enter the value [<Data>] in the Field [<Object>]  if the test data is available,DC_Set,DC_Payment:ServiceEndDate,,DC_Payment
18,DaysPerPayment_TB,Enter the value [<Data>] in the Field [<Object>]  if the test data is available,DC_Set,DC_Payment:DaysPerPayment,,DC_Payment
19,PaymentFor_DD,"Click the [<Object>]  if the test data is available ",DC_Click,DC_Payment:PaymentFor,,DC_Payment
20,PaymentFor_LI,Set object [<Object>] property  as [<Data>] at runtime,DC_setObjectProperty,DC_Payment:PaymentFor,REPLACE,DC_Payment
21,PaymentFor_LI,"Click the [<Object>]  if the test data is available ",DC_Click,DC_Payment:PaymentFor,,DC_Payment
22,Save_BTN,"Click the [<Object>] ",Click,,,DC_Payment
23,LoadingElement,"Wait for [<Object>] to be invisible ",DC_LoadingElementWait,@display: none; height,style,DC_LoadingMask
24,Execute,,DC_Payment:VerifySavedPaymentDetail,,,
