Step,ObjectName,Description,Action,Input,Condition,Reference
"//1",Language_TB,Enter the value [<Data>] in the Field [<Object>]  if the test data is available,DC_Set,DC_Payment:Language,,DC_Payment
2,ScheduleDate_TB,Wait for element to be present in DOM,waitForElementToBeClickable,,,DC_Payment
3,ScheduleDate_TB,Enter the value [<Data>] in the Field [<Object>]  if the test data is available,DC_Set,DC_Payment:ScheduleDate,,DC_Payment
4,Currency_TB,Enter the value [<Data>] in the Field [<Object>]  if the test data is available,DC_Set,DC_Payment:Currency,,DC_Payment
5,PaymentMethod_DD,"Click the [<Object>]  if the test data is available ",DC_Click,DC_Payment:PaymentMethod,,DC_Payment
6,PaymentMethod_LI,Set object [<Object>] property  as [<Data>] at runtime,DC_setObjectProperty,DC_Payment:PaymentMethod,REPLACE,DC_Payment
7,PaymentMethod_LI,"Click the [<Object>]  if the test data is available ",DC_Click,DC_Payment:PaymentMethod,,DC_Payment
8,Comments_TextArea,Enter the value [<Data>] in the Field [<Object>]  if the test data is available,DC_Set,DC_Payment:Comments,,DC_Payment
9,Browser,"Take a Screen Shot ",takeScreenshot,,,
