Step,ObjectName,Description,Action,Input,Condition,Reference
1,Browser,"Execute Resuable if mentioned in the data sheet in the format Scenario|TestCase ",DC_ExecuteReusable,DC_Payment:PreRequsiteReusables,Start Param,
2,Browser,"Execute Resuable if mentioned in the data sheet in the format Scenario|TestCase ",DC_ExecuteReusable,DC_Payment:PayeeInformationReusable,,
3,Browser,"Execute Resuable if mentioned in the data sheet in the format Scenario|TestCase ",DC_ExecuteReusable,DC_Payment:PaymentInfromationReusables,,
4,Browser,"Execute Resuable if mentioned in the data sheet in the format Scenario|TestCase ",DC_ExecuteReusable,DC_Payment:PaymentDetailsReusables,,
"*5",Browser,"Execute Resuable if mentioned in the data sheet in the format Scenario|TestCase ",DC_ExecuteReusable,DC_Payment:PostPaymentReusables,,
6,Browser,"Execute Resuable if mentioned in the data sheet in the format Scenario|TestCase ",DC_ExecuteReusable,DC_Payment:VerifyPostedPaymentReusables,End Param,
