Step,ObjectName,Description,Action,Input,Condition,Reference
1,Payee_DD,"Wait for [<Object>] to be visible ",waitForElementToBeVisible,,,DC_Payment
2,Payee_DD,"Click the [<Object>]  if the test data is available ",DC_Click,DC_Payment:PayeeNameRole,,DC_Payment
3,Payee_LI,Set object [<Object>] property  as [<Data>] at runtime,DC_setObjectProperty,DC_Payment:PayeeNameRole,REPLACE,DC_Payment
4,Payee_LI,"Click the [<Object>]  if the test data is available ",DC_clickByJS,DC_Payment:PayeeNameRole,,DC_Payment
5,LoadingElement,"Wait for [<Object>] to be invisible ",DC_LoadingElementWait,@display: none; height,style,DC_LoadingMask
