Step,ObjectName,Description,Action,Input,Condition,Reference
1,PostedPayments_HL,"Click the [<Object>] ",clickByJS,,,DC_ClaimsDetailsHeader
2,Browser,Wait for Page to be loaded,waitForPageLoaded,,,
3,PostedPaymentHeader_ROW,Set object [<Object>] property  as [<Data>] at runtime,setObjectProperty,DC_Payment:TotalAmount,TOTAL_AMOUNT,DC_Payment
4,PostedPaymentHeader_ROW,Highlight the element [<Object>],highlight,,,DC_Payment
5,PostedPaymentDetail_ROW,Set object [<Object>] property  as [<Data>] at runtime,setObjectProperty,DC_Payment:PaymentType,PAYMENT_TYPE,DC_Payment
6,PostedPaymentDetail_ROW,Set object [<Object>] property  as [<Data>] at runtime,setObjectProperty,DC_Payment:ClaimantLine,CLAIMANT_LINE,DC_Payment
7,PostedPaymentDetail_ROW,Set object [<Object>] property  as [<Data>] at runtime,setObjectProperty,DC_Payment:ServiceBenefit,SERVICE_BENEFIT,DC_Payment
8,PostedPaymentDetail_ROW,Set object [<Object>] property  as [<Data>] at runtime,setObjectProperty,DC_Payment:ApprovedAmount,APPROVED_AMOUNT,DC_Payment
9,PostedPaymentDetail_ROW,Highlight the element [<Object>],highlight,,,DC_Payment
