Step,ObjectName,Description,Action,Input,Condition,Reference
1,SavedPayment_ROW,Set object [<Object>] property  as [<Data>] at runtime,DC_setObjectProperty,DC_Payment:ClaimantLine,CLAIMANT_LINE,DC_Payment
2,SavedPayment_ROW,Set object [<Object>] property  as [<Data>] at runtime,DC_setObjectProperty,DC_Payment:ServiceBenefit,SERVICE_BENEFIT,DC_Payment
"//3",SavedPayment_ROW,Set object [<Object>] property  as [<Data>] at runtime,DC_setObjectProperty,DC_Payment:ServiceStartDate,START_DATE,DC_Payment
4,SavedPayment_ROW,Set object [<Object>] property  as [<Data>] at runtime,DC_setObjectProperty,DC_Payment:ApprovedAmount,APPROVED_AMOUNT,DC_Payment
5,SavedPayment_ROW,Set object [<Object>] property  as [<Data>] at runtime,highlight,,,DC_Payment
