Step,ObjectName,Description,Action,Input,Condition,Reference
1,FNOL_HL,Click on [<Object>],clickByJS,,,DC_ClaimsHomePage
2,Browser,switching to window by title [<Data>] is done,switchToWindowByTitleContains,@FNOL Loss Setup,,
3,LossDate_TB,Click on [<Object>],clickByJS,,,DC_FNOL_LossSetUp
4,LossDate_TB,Set [<Data>] on [<Object>],setByJS,DC_FNOL:LossSetUp_LossDate_TB,,DC_FNOL_LossSetUp
5,LossDate_TB,Send Keys [<Data>]  to object [<Object>].,sendKeysToElement,@TAB,,DC_FNOL_LossSetUp
6,Continue_BTN,Click on [<Object>],clickByJS,,,DC_FNOL_LossSetUp
7,LoadingElement,"Click and hold the [<Object>] element ",DC_LoadingElementWait,@display: none; height:,style,DC_LoadingMask
8,SearchedPolicyNo_TB,Click on [<Object>],clickByJS,,,DC_PolicySearchAndResults
9,SearchedPolicyNo_TB,Set [<Data>] on [<Object>],setByJS,DC_FNOL:SearchedPolicyNo_TB,,DC_PolicySearchAndResults
10,Search_BTN,Click on [<Object>],clickByJS,,,DC_PolicySearchAndResults
11,LoadingElement,"Click and hold the [<Object>] element ",DC_LoadingElementWait,@display: none; height:,style,DC_LoadingMask
12,SaveAndContinue_BTN,Click on [<Object>],clickByJS,,,DC_PolicySearchAndResults
13,LoadingElement,"Click and hold the [<Object>] element ",DC_LoadingElementWait,@display: none; height:,style,DC_LoadingMask
