Step,ObjectName,Description,Action,Input,Condition,Reference
1,MachineOrToolInvolved_DD,Click on [<Object>],clickByJS,,,DC_FNOL_Keyfacts
2,MachineOrToolInvolved_LI,Set object [<Object>] property  as [<Data>] at runtime,setObjectProperty,DC_FNOL:FNOL_KeyFacts,TOOL,DC_FNOL_Keyfacts
3,MachineOrToolInvolved_LI,Click on [<Object>],clickByJS,,,DC_FNOL_Keyfacts
4,MachineOrToolInvolved_LI,Send Keys [<Data>]  to object [<Object>].,sendKeysToElement,@TAB,,DC_FNOL_Keyfacts
5,Save&Continue_BTN,Click on [<Object>],clickByJS,,,DC_FNOL_PolicyDetails
6,Browser,"Take a Screen Shot ",takeScreenshot,,,
7,LoadingElement,"Click and hold the [<Object>] element ",DC_LoadingElementWait,@display: none; height:,style,DC_LoadingMask
