Step,ObjectName,Description,Action,Input,Condition,Reference
1,LossDescription_TB,Click on [<Object>],clickByJS,,,DC_FNOL_LossDetails
2,Browser,changing wait time by [<Data>] seconds,changeWaitTime,@5,,
3,LossDescription_TB,Set [<Data>] on [<Object>],setByJS,DC_FNOL:LossDetails_LossDescription_TB,,DC_FNOL_LossDetails
4,Browser,"Take a Screen Shot ",takeScreenshot,,,
5,Save&Continue_BTN,Click on [<Object>],clickByJS,,,DC_FNOL_PolicyDetails
6,LoadingElement,"Click and hold the [<Object>] element ",DC_LoadingElementWait,@display: none; height:,style,DC_LoadingMask
