Step,ObjectName,Description,Action,Input,Condition,Reference
1,SelectParticipant_HL,Click on [<Object>],clickByJS,,,DC_FNOL_ParticipantDetails
2,LoadingElement,"Click and hold the [<Object>] element ",DC_LoadingElementWait,@display: none; height:,style,DC_LoadingMask
3,Execute,,DC_PartySearch:PartySearch,,,
4,Browser,Switching control to the default window,switchToDefaultContent,,,
"//5",V&I_DateOfOnset_TB,Click on [<Object>],ClickIfVisible,,,DC_FNOL_ParticipantDetails
"//6",V&I_DateOfOnset_TB,Set [<Data>] on [<Object>],SetIfExists,@15/07/2021,,DC_FNOL_ParticipantDetails
"//7",V&I_DateOfOnset_TB,Send Keys [<Data>]  to object [<Object>].,sendKeysToElement,@TAB,,DC_FNOL_ParticipantDetails
"//8",V&I_InjuryDescription_TB,Set [<Data>] on [<Object>],SetIfExists,@injury,,DC_FNOL_ParticipantDetails
"//9",V&I_InjuryDescription_TB,Send Keys [<Data>]  to object [<Object>].,sendKeysToElement,@TAB,,DC_FNOL_ParticipantDetails
10,Browser,"Take a Screen Shot ",takeScreenshot,,,
"//11",Browser,Scroll to bottom,scrollToBottom,,,
12,Save&Continue_BTN,Click on [<Object>],clickByJS,,,DC_FNOL_ParticipantDetails
13,LoadingElement,"Click and hold the [<Object>] element ",DC_LoadingElementWait,@display: none; height:,style,DC_LoadingMask
