<Root ref="DC_Sandbox_V1.3_Final" type="RC">
<Folder ref="DC_Claims">
<Scenario ref="DC_AddLine">
<TestCase exeType="Executable" ref="AddLine"/>
<TestCase exeType="Executable" ref="CreateLine"/>
<TestCase exeType="Executable" ref="VerifyLineStatus"/>
</Scenario>
<Scenario ref="DC_AddParticipants">
<TestCase exeType="Executable" ref="AddParticipant"/>
<TestCase exeType="Executable" ref="AddParticipantDetails"/>
<TestCase exeType="Executable" ref="ParticipantReusables"/>
<TestCase exeType="Executable" ref="VerifyParticipantDetails"/>
</Scenario>
<Scenario ref="DC_AssignPerformer">
<TestCase exeType="Executable" ref="AddPerformer"/>
<TestCase exeType="Executable" ref="NavigateToPerformerScreen"/>
<TestCase exeType="Executable" ref="Performer"/>
<TestCase exeType="Executable" ref="VerifyAlert_OK"/>
<TestCase exeType="Executable" ref="VerifyPerformer"/>
</Scenario>
<Scenario ref="DC_ClaimsHomePage">
<TestCase exeType="Executable" ref="SearchClaim"/>
</Scenario>
<Scenario ref="DC_CoverageMatch">
<TestCase exeType="Executable" ref="CoverageMatch"/>
<TestCase exeType="Executable" ref="CoverageMatch_Validate_EmployersLiability"/>
<TestCase exeType="Executable" ref="CoverageMatch_Validate_Indemnity"/>
<TestCase exeType="Executable" ref="CoverageMatch_Validate_Medical"/>
<TestCase exeType="Executable" ref="VerifyLineCoverageStatus"/>
</Scenario>
<Scenario ref="DC_FileNote">
<TestCase exeType="Executable" ref="Addattchment"/>
<TestCase exeType="Executable" ref="AdditionalFeilds_IncomingMail"/>
<TestCase exeType="Executable" ref="Add_Additional_Details"/>
<TestCase exeType="Executable" ref="ADD_FileNote"/>
<TestCase exeType="Executable" ref="Add_Updates_Feilds_Filenote"/>
<TestCase exeType="Executable" ref="Add_Updates_Feilds_Filenote_Edit"/>
<TestCase exeType="Executable" ref="Add_Update_Feilds_Reply"/>
<TestCase exeType="Executable" ref="ClickEditFileNote"/>
<TestCase exeType="Executable" ref="CreateNewFileNote"/>
<TestCase exeType="Executable" ref="EditFileNote"/>
<TestCase exeType="Executable" ref="FileNote"/>
<TestCase exeType="Executable" ref="ReplyFileNote"/>
<TestCase exeType="Executable" ref="UpdateFileNote_Edit"/>
<TestCase exeType="Executable" ref="UpdateFileNote_Reply"/>
<TestCase exeType="Executable" ref="VerifyFileNote"/>
<TestCase exeType="Executable" ref="VerifySearchEditedFileNote"/>
<TestCase exeType="Executable" ref="VerifySearchReplyFileNote"/>
</Scenario>
<Scenario ref="DC_FNOL">
<TestCase exeType="Executable" ref="Discrepency"/>
<TestCase exeType="Executable" ref="DuplicateClaimSearch"/>
<TestCase exeType="Executable" ref="Employment"/>
<TestCase exeType="Executable" ref="FNOLLossSetup"/>
<TestCase exeType="Executable" ref="KeyFacts"/>
<TestCase exeType="Executable" ref="LossDetails"/>
<TestCase exeType="Executable" ref="NewTestCase1"/>
<TestCase exeType="Executable" ref="ParticipantDetails"/>
<TestCase exeType="Executable" ref="ParticipantList"/>
<TestCase exeType="Executable" ref="PolicyDetails"/>
<TestCase exeType="Executable" ref="PolicySearchAndResults"/>
<TestCase exeType="Executable" ref="Summary"/>
</Scenario>
<Scenario ref="DC_Forms">
<TestCase exeType="Executable" ref="CreateLetter"/>
<TestCase exeType="Executable" ref="CreateLetter_FilterTemplate"/>
<TestCase exeType="Executable" ref="Forms"/>
<TestCase exeType="Executable" ref="TagResolutionScreen"/>
<TestCase exeType="Executable" ref="VerifyFormIsDownloaded"/>
<TestCase exeType="Executable" ref="VerifyTemplateDetails"/>
<TestCase exeType="Executable" ref="VerifyTemplateDetails_NavigateToF&amp;CTemplate"/>
</Scenario>
<Scenario ref="DC_InjuryManagement">
<TestCase exeType="Executable" ref="Add_InjuryDetails"/>
<TestCase exeType="Executable" ref="Add_PermanentDisability"/>
<TestCase exeType="Executable" ref="Add_ReturnToWork"/>
<TestCase exeType="Executable" ref="Add_TreatmentPlan"/>
<TestCase exeType="Executable" ref="Add_WorkRestrictions"/>
<TestCase exeType="Executable" ref="CodesAndPercentages"/>
<TestCase exeType="Executable" ref="Edit_InjuryDetails"/>
<TestCase exeType="Executable" ref="Edit_ReturnToWork"/>
<TestCase exeType="Executable" ref="Edit_TreatmentPlan"/>
<TestCase exeType="Executable" ref="InjuryDetails"/>
<TestCase exeType="Executable" ref="PermanentDisability"/>
<TestCase exeType="Executable" ref="ReturnToWork"/>
<TestCase exeType="Executable" ref="TreatmentPlan"/>
<TestCase exeType="Executable" ref="TreatmentPlanNavigation"/>
<TestCase exeType="Executable" ref="Verify_TreatmentPlan"/>
<TestCase exeType="Executable" ref="WorkRestrictions"/>
</Scenario>
<Scenario ref="DC_Litigation">
<TestCase exeType="Executable" ref="Delete_Litigation"/>
<TestCase exeType="Executable" ref="Litigation_add"/>
</Scenario>
<Scenario ref="DC_Login">
<TestCase exeType="Executable" ref="LaunchApplication"/>
</Scenario>
<Scenario ref="DC_PartySearch">
<TestCase exeType="Executable" ref="PartySearch"/>
<TestCase exeType="Executable" ref="SearchIndividual"/>
</Scenario>
<Scenario ref="DC_Payment">
<TestCase exeType="Executable" ref="AddPaymentDetail"/>
<TestCase exeType="Executable" ref="NavigateToPaymentUI"/>
<TestCase exeType="Executable" ref="Payment"/>
<TestCase exeType="Executable" ref="PaymentInformation"/>
<TestCase exeType="Executable" ref="PostPayment"/>
<TestCase exeType="Executable" ref="SelectPayee"/>
<TestCase exeType="Executable" ref="VerifyPostedPayment"/>
<TestCase exeType="Executable" ref="VerifySavedPaymentDetail"/>
</Scenario>
<Scenario ref="DC_RecoveryDetails">
<TestCase exeType="Executable" ref="AddRecoveryDetails"/>
<TestCase exeType="Executable" ref="NavigateToRecoveryUI"/>
<TestCase exeType="Executable" ref="Recovery"/>
<TestCase exeType="Executable" ref="SelectPayment"/>
<TestCase exeType="Executable" ref="VerifyRecoveryDetails"/>
</Scenario>
<Scenario ref="DC_RecurringPayments">
<TestCase exeType="Executable" ref="AddBatchScheduler"/>
<TestCase exeType="Executable" ref="EstablishPaymentSchedule"/>
<TestCase exeType="Executable" ref="NavigateToFinancialSummaryUI"/>
<TestCase exeType="Executable" ref="NavigateToPaymentUI"/>
<TestCase exeType="Executable" ref="NavigateToRecurringPaymentUI"/>
<TestCase exeType="Executable" ref="RecurringPayments"/>
<TestCase exeType="Executable" ref="VerifyRP_FinancialLog"/>
<TestCase exeType="Executable" ref="VerifyRP_TotalAmount_Schedule"/>
</Scenario>
<Scenario ref="DC_Reserves">
<TestCase exeType="Executable" ref="NavigateToReserveUI"/>
<TestCase exeType="Executable" ref="PostReserve"/>
<TestCase exeType="Executable" ref="Reserve"/>
<TestCase exeType="Executable" ref="SetReserve"/>
<TestCase exeType="Executable" ref="VerifyPostedReserve"/>
<TestCase exeType="Executable" ref="VerifySavedReserve"/>
</Scenario>
<Scenario ref="DC_Tasks">
<TestCase exeType="Executable" ref="AddLibraryTask"/>
<TestCase exeType="Executable" ref="RefreshOpenTask"/>
<TestCase exeType="Executable" ref="TaskDetailsValidation"/>
<TestCase exeType="Executable" ref="Tasks"/>
<TestCase exeType="Executable" ref="VerifyTaskAdded"/>
</Scenario>
</Folder>
</Root>
