Step,ObjectName,Description,Action,Input,Condition,Reference
1,Browser,Change default element finding wait time by [<Data>] seconds,setElementTimeOut,@30,,
2,Browser,changing wait time by [<Data>] seconds,changeWaitTime,@30,,DC_ClaimsHomePage
3,Search_TB,Click the [<Object>],clickByJS,,,DC_ClaimsHomePage
4,Search_TB,Enter the Value [<data>]  in the field,Set,DC_ClaimsHomePage:ClaimNumber,,DC_ClaimsHomePage
5,Search_BTN,"Click the [<Object>] ",Click,,,DC_ClaimsHomePage
6,LoadingElement,Wait for expected condition,DC_LoadingElementWait,@display: none; height:,style,DC_LoadingMask
7,Browser,Switch to window by index [<data>],switchToWindowByIndex,@1,,
8,Browser,changing wait time by [<Data>] seconds,changeWaitTime,@10,,DC_ClaimDetails
9,Browser,Change default element finding wait time by [<Data>] seconds,setElementTimeOut,@10,,
10,claim_Number,"Wait for [<Object>] to be visible ",waitForElementToBeVisible,,,DC_ClaimDetails
