Step,ObjectName,Description,Action,Input,Condition,Reference
1,InjuredWorker_QLM,Click on [<Object>],clickByJS,,,DC_ClaimDetail_Tree
2,InjuryManagement_HL,Click on [<Object>],clickByJS,,,DC_ClaimDetail_Tree
3,WorkRestriction_BTN,Click on [<Object>],clickByJS,,,DC_WorkRestrictions
4,AddWR_BTN,"Click the [<Object>] ",Click,,,DC_WorkRestrictions
5,Browser,changing wait time by [<Data>] seconds,changeWaitTime,@30,,
6,Browser,Switch to frame by ID Starting with: [<Data>],switchToFrame,@wndInjuryManagement,,
7,Browser,changing wait time by [<Data>] seconds,changeWaitTime,@10,,
8,WRFromDate_TB,"Click the [<Object>] ",Click,,,DC_WorkRestrictions
9,WRFromDate_TB,Enter the value [<Data>] in the Field [<Object>],Set,DC_WorkRestrictions:WRFromDate_TB,,DC_WorkRestrictions
10,Browser,Send Keys [<Data>]  to Window.,sendKeysToWindow,@TAB,,
11,RestrictionAmount_TB,"Click the [<Object>] ",DC_clickByJS,DC_WorkRestrictions:RestrictionAmount_TB,,DC_WorkRestrictions
12,RestrictionAmount_TB,Enter the value [<Data>] in the Field [<Object>],DC_setByJS,DC_WorkRestrictions:RestrictionAmount_TB,,DC_WorkRestrictions
13,Browser,Send Keys [<Data>]  to Window.,sendKeysToWindow,@TAB,,
14,SaveWR_BTN,"Click the [<Object>] ",Click,,,DC_WorkRestrictions
15,LoadingElement,Wait for expected condition attribute in Condition and value in Input,DC_LoadingElementWait,@display: none; height:,style,DC_LoadingMask
16,Browser,"Take a Screen Shot ",takeScreenshot,,,
