Step,ObjectName,Description,Action,Input,Condition,Reference
1,InjuredWorker_QLM,Click on [<Object>],clickByJS,,,DC_ClaimDetail_Tree
2,InjuryManagement_HL,Click on [<Object>],clickByJS,,,DC_ClaimDetail_Tree
3,AddID_BTN,"Click the [<Object>] ",Click,,,DC_InjuryDetails
4,LoadingElement,Wait for expected condition attribute in Condition and value in Input,DC_LoadingElementWait,@display: none; height:,style,DC_LoadingMask
5,Browser,changing wait time by [<Data>] seconds,changeWaitTime,@30,,
6,Browser,Wait for Frame To Be Available and Switch to it,switchToFrame,@wndInjuryManagement,,
7,Browser,changing wait time by [<Data>] seconds,changeWaitTime,@10,,
8,Description_TB,"Click the [<Object>] ",Click,,,DC_InjuryDetails
9,Description_TB,Enter the value [<Data>] in the Field [<Object>],Set,DC_InjuryDetails:Description_TB,,DC_InjuryDetails
10,Browser,Send Keys [<Data>]  to Window.,sendKeysToWindow,@TAB,,
11,CompensabilityDecision_DD,"Click the [<Object>] ",clickByJS,,,DC_InjuryDetails
12,CompensabilityDecision_LI,Set object [<Object>] property  as [<Data>] at runtime,setObjectProperty,DC_InjuryDetails:CompensabilityDecision_LI,REPLACE,DC_InjuryDetails
13,CompensabilityDecision_LI,"Click the [<Object>] ",Click,,,DC_InjuryDetails
14,Browser,Send Keys [<Data>]  to Window.,sendKeysToWindow,@TAB,,
15,Browser,"Take a Screen Shot ",takeScreenshot,,,
16,DateOfOnset_TB,"Click the [<Object>] ",Click,,,DC_InjuryDetails
17,DateOfOnset_TB,Enter the value [<Data>] in the Field [<Object>],Set,DC_InjuryDetails:DateOfOnset_TB,,DC_InjuryDetails
18,Browser,Send Keys [<Data>]  to Window.,sendKeysToWindow,@TAB,,
19,Browser,"Take a Screen Shot ",takeScreenshot,,,
20,SaveID_BTN,"Click the [<Object>] ",Click,,,DC_InjuryDetails
21,LoadingElement,Wait for expected condition attribute in Condition and value in Input,DC_LoadingElementWait,@display: none; height:,style,DC_LoadingMask
22,Browser,"Take a Screen Shot ",takeScreenshot,,,
