Step,ObjectName,Description,Action,Input,Condition,Reference
1,AddRTW_BTN,"Click the [<Object>] ",Click,,,DC_ReturnToWork
2,LoadingElement,Wait for expected condition attribute in Condition and value in Input,DC_LoadingElementWait,@display: none; height:,style,DC_LoadingMask
3,Browser,changing wait time by [<Data>] seconds,changeWaitTime,@30,,
4,Browser,Wait for Frame To Be Available and Switch to it,switchToFrame,@wndInjuryManagement,,
5,Browser,changing wait time by [<Data>] seconds,changeWaitTime,@10,,
6,DisabilityStartDate_TB,"Click the [<Object>] ",Click,,,DC_ReturnToWork
7,DisabilityStartDate_TB,Enter the value [<Data>] in the Field [<Object>],Set,DC_ReturnToWork:DisabilityStartDate_TB,,DC_ReturnToWork
8,Browser,Send Keys [<Data>]  to Window.,sendKeysToWindow,@TAB,,
9,DisabilityEndDate_TB,"Click the [<Object>] ",Click,,,DC_ReturnToWork
10,DisabilityEndDate_TB,Enter the value [<Data>] in the Field [<Object>],Set,DC_ReturnToWork:DisabilityEndDate_TB,,DC_ReturnToWork
11,Browser,Send Keys [<Data>]  to Window.,sendKeysToWindow,@TAB,,DC_ReturnToWork
12,LastDayWorked_TB,"Click the [<Object>] ",Click,,,DC_ReturnToWork
13,LastDayWorked_TB,Enter the value [<Data>] in the Field [<Object>],Set,DC_ReturnToWork:LastDayWorked_TB,,DC_ReturnToWork
14,Browser,Send Keys [<Data>]  to Window.,sendKeysToWindow,@TAB,,
15,LoadingElement,Wait for expected condition attribute in Condition and value in Input,DC_LoadingElementWait,@display: none; height:,style,DC_LoadingMask
16,DisabilityStatus_DD,"Click the [<Object>] ",Click,,,DC_ReturnToWork
17,Browser,changing wait time by [<Data>] seconds,changeWaitTime,@20,,
18,DisabilityStatus_LI,Set object [<Object>] property  as [<Data>] at runtime,setObjectProperty,DC_ReturnToWork:DisabilityStatus_LI,REPLACE,DC_ReturnToWork
19,Browser,changing wait time by [<Data>] seconds,changeWaitTime,@10,,
20,DisabilityStatus_LI,Click on [<Object>],clickByJS,,,DC_ReturnToWork
21,LoadingElement,Wait for expected condition attribute in Condition and value in Input,DC_LoadingElementWait,@display: none; height:,style,DC_LoadingMask
22,Browser,Send Keys [<Data>]  to Window.,sendKeysToWindow,@TAB,,
"//23",EndDateQualifier_DefaultValue,Assert if [<Object>] is present,assertElementPresent,,,DC_ReturnToWork
"//24",EndDateQualifier_DefaultValue,Highlight the element [<Object>],highlight,,,DC_ReturnToWork
25,EndDateQualifier_RB,Set object [<Object>] property  as [<Data>] at runtime,setObjectProperty,DC_ReturnToWork:EndDateQualifier_RB,REPLACE,DC_ReturnToWork
26,EndDateQualifier_RB,Click on [<Object>],clickByJS,,,DC_ReturnToWork
27,DisabilityEndReason_DD,Click on [<Object>],clickByJS,,,DC_ReturnToWork
28,DisabilityEndReason_DD,Enter the value [<Data>] in the Field [<Object>],Set,DC_ReturnToWork:DisabilityEndReason_LI,,DC_ReturnToWork
29,Browser,Send Keys [<Data>]  to Window.,sendKeysToWindow,@TAB,,
30,WageLossPayable_Label,Highlight the element [<Object>],highlight,,,DC_ReturnToWork
31,WageLossPayable_DD,Highlight the element [<Object>],highlight,,,DC_ReturnToWork
32,WageLossPayable_DD,Click on [<Object>],clickByJS,,,DC_ReturnToWork
33,WageLossPayable_LI,Enter the value [<Data>] in the Field [<Object>],setObjectProperty,DC_ReturnToWork:WageLossPayable_LI,REPLACE,DC_ReturnToWork
34,WageLossPayable_LI,Click on [<Object>],DC_Click,DC_ReturnToWork:WageLossPayable_LI,,DC_ReturnToWork
35,WageLossPayable_DD,Highlight the element [<Object>],highlight,,,DC_ReturnToWork
36,Browser,Send Keys [<Data>]  to Window.,sendKeysToWindow,@TAB,,
37,ModifiedDuty_TB,"Click the [<Object>] ",Click,,,DC_ReturnToWork
38,ModifiedDuty_TB,Enter the value [<Data>] in the Field [<Object>]  if the test data is available,DC_Set,DC_ReturnToWork:ModifiedDuty_LI,,DC_ReturnToWork
39,Browser,Send Keys [<Data>]  to Window.,sendKeysToWindow,@TAB,,
40,ReturnDate_TB,"Click on [<Object>] if the test data is available ",DC_clickByJS,DC_ReturnToWork:ReturnDate_TB,,DC_ReturnToWork
41,ReturnDate_TB,"Set [<Data>] on [<Object>] if the test data is available ",DC_setByJS,DC_ReturnToWork:ReturnDate_TB,,DC_ReturnToWork
42,Browser,Send Keys [<Data>]  to Window.,sendKeysToWindow,@TAB,,
43,PostInjuryAWW_TB,"Click on [<Object>] if the test data is available ",DC_clickByJS,DC_ReturnToWork:PostInjuryAWW_TB,,DC_ReturnToWork
44,PostInjuryAWW_TB,"Set [<Data>] on [<Object>] if the test data is available ",DC_setByJS,DC_ReturnToWork:PostInjuryAWW_TB,,DC_ReturnToWork
45,Browser,Send Keys [<Data>]  to Window.,sendKeysToWindow,@TAB,,
46,Verified_DD,"Click the [<Object>] ",Click,,,DC_ReturnToWork
47,Verified_LI,Set object [<Object>] property  as [<Data>] at runtime,setObjectProperty,DC_ReturnToWork:Verified_LI,REPLACE,DC_ReturnToWork
48,Verified_LI,"Click the [<Object>] ",Click,,,DC_ReturnToWork
49,Browser,Send Keys [<Data>]  to Window.,sendKeysToWindow,@TAB,,
50,SameOccupation_DD,"Click the [<Object>] ",Click,,,DC_ReturnToWork
51,SameOccupation_LI,Set object [<Object>] property  as [<Data>] at runtime,setObjectProperty,DC_ReturnToWork:SameOccupation_LI,REPLACE,DC_ReturnToWork
52,SameOccupation_LI,"Click the [<Object>] ",Click,,,DC_ReturnToWork
53,SameEmployer_DD,"Click the [<Object>] ",Click,,,DC_ReturnToWork
54,SameEmployer_LI,Set object [<Object>] property  as [<Data>] at runtime,setObjectProperty,DC_ReturnToWork:SameEmployer_LI,REPLACE,DC_ReturnToWork
55,SameEmployer_LI,"Click the [<Object>] ",Click,,,DC_ReturnToWork
56,SameWage_DD,"Click the [<Object>] ",Click,,,DC_ReturnToWork
57,SameWage_LI,Set object [<Object>] property  as [<Data>] at runtime,setObjectProperty,DC_ReturnToWork:SameWage_LI,REPLACE,DC_ReturnToWork
58,SameWage_LI,"Click the [<Object>] ",Click,,,DC_ReturnToWork
59,Comment_TB,"Click the [<Object>] ",Click,,,DC_ReturnToWork
60,Comment_TB,Enter the value [<Data>] in the Field [<Object>],Set,DC_ReturnToWork:Comment_TB,,DC_ReturnToWork
61,Browser,"Take a Screen Shot ",takeScreenshot,,,
62,Browser,"Execute Resuable if mentioned in the data sheet in the format Scenario|TestCase ",DC_ExecuteReusable,DC_ReturnToWork:RTWAdditionalFieldsReusable,,
63,Save_BTN,"Click the [<Object>] ",Click,,,DC_ReturnToWork
64,LoadingElement,Wait for expected condition attribute in Condition and value in Input,DC_LoadingElementWait,@display: none; height:,style,DC_LoadingMask
65,Execute,,DC_InjuryManagement:VerifyReturnToWorkAdded,,,
