Step,ObjectName,Description,Action,Input,Condition,Reference
1,Add_BTN,Click on [<Object>],clickByJS,,,DC_TreatmentPlan
2,Browser,changing wait time by [<Data>] seconds,changeWaitTime,@30,,
3,Browser,Wait for Frame To Be Available and Switch to it,switchToFrame,@wndInjuryManagement,,
4,Browser,changing wait time by [<Data>] seconds,changeWaitTime,@10,,
5,Treatment_DD,Click on [<Object>],clickByJS,,,DC_TreatmentPlan
6,Treatment_LI,Set object [<Object>] property  as [<Data>] at runtime,setObjectProperty,DC_TreatmentPlan:Treatment_LI,TREATMENT,DC_TreatmentPlan
7,Treatment_LI,Click on [<Object>],clickByJS,,,DC_TreatmentPlan
8,Treatment_LI,Highlight the element [<Object>],highlight,,,DC_TreatmentPlan
9,Browser,Send Keys [<Data>]  to Window.,sendKeysToWindow,@TAB,,
10,Browser,"Take a Screen Shot ",takeScreenshot,,,
11,Browser,"Execute Resuable if mentioned in the data sheet in the format Scenario|TestCase ",DC_ExecuteReusable,DC_TreatmentPlan:AdditionalFieldsReusable,,
12,NumberOfTreatments_TB,"Set [<Data>] on [<Object>] if the test data is available ",DC_setByJS,DC_TreatmentPlan:NumberOfTreatments_TB,,DC_TreatmentPlan
13,Browser,Send Keys [<Data>]  to Window.,sendKeysToWindow,@TAB,,DC_TreatmentPlan
14,Period From_TB,"Set [<Data>] on [<Object>] if the test data is available ",DC_setByJS,DC_TreatmentPlan:PeriodFrom_TB,,DC_TreatmentPlan
15,Period From_TB,Send Keys [<Data>]  to Window.,sendKeysToElement,@TAB,,DC_TreatmentPlan
16,PeriodTo_TB,"Set [<Data>] on [<Object>] if the test data is available ",DC_setByJS,DC_TreatmentPlan:PeriodTo_TB,,DC_TreatmentPlan
17,PeriodTo_TB,Send Keys [<Data>]  to Window.,sendKeysToElement,@TAB,,DC_TreatmentPlan
18,Browser,"Take a Screen Shot ",takeScreenshot,,,
"//19",Treatment_TB,Execute Resuable if element is displayed  Scenario|TestCase. Input Section for Suelement is Present and Conditon if element not present,DC_ExecuteReusableifElementDisplayed,@DC_InjuryManagement:ProviderFieldValidation,,DC_InjuryManagement_TreatmentPlan
20,Injury_DD,"Click on [<Object>] if the test data is available ",DC_clickByJS,DC_TreatmentPlan:Injury_LI,,DC_TreatmentPlan
21,Injury_LI,Set object [<Object>] property  as [<Data>] at runtime,setObjectProperty,DC_TreatmentPlan:Injury_LI,INJURY,DC_TreatmentPlan
22,Injury_LI,"Click on [<Object>] if the test data is available ",DC_clickByJS,DC_TreatmentPlan:Injury_LI,,DC_TreatmentPlan
23,TreatmentType_DD,Click on [<Object>],DC_clickByJS,DC_TreatmentPlan:DiagnosticTests_LI,,DC_TreatmentPlan
24,TreatmentType_LI,Set object [<Object>] property  as [<Data>] at runtime,setObjectProperty,DC_TreatmentPlan:DiagnosticTests_LI,DIAGNOSTIC_TEST,DC_TreatmentPlan
25,TreatmentType_LI,Click on [<Object>],DC_clickByJS,DC_TreatmentPlan:DiagnosticTests_LI,,DC_TreatmentPlan
26,Browser,Send Keys [<Data>]  to Window.,sendKeysToWindow,@TAB,,DC_TreatmentPlan
27,TreatmentDecision_DD,Click on [<Object>],DC_clickByJS,DC_TreatmentPlan:TreatmentDecision_LI,,DC_TreatmentPlan
28,TreatmentDecision_LI,Set object [<Object>] property  as [<Data>] at runtime,setObjectProperty,DC_TreatmentPlan:TreatmentDecision_LI,TreatmentDecision,DC_TreatmentPlan
29,TreatmentDecision_LI,Click on [<Object>],DC_clickByJS,DC_TreatmentPlan:TreatmentDecision_LI,,DC_TreatmentPlan
30,ReportReceived_TB,"Set [<Data>] on [<Object>] if the test data is available ",DC_setByJS,DC_TreatmentPlan:ReportReceived_TB,,DC_TreatmentPlan
31,ReportReceived_TB,Send Keys [<Data>]  to Window.,sendKeysToElement,@TAB,,DC_TreatmentPlan
32,AdditionalDescription_TB,"Set [<Data>] on [<Object>] if the test data is available ",DC_setByJS,DC_TreatmentPlan:AdditionalDescription_TB,,DC_TreatmentPlan
33,BrandGeneric_DD,Click on [<Object>],DC_clickByJS,DC_TreatmentPlan:BrandGeneric_LI,,DC_TreatmentPlan
34,BrandGeneric_LI,Set object [<Object>] property  as [<Data>] at runtime,setObjectProperty,DC_TreatmentPlan:BrandGeneric_LI,Replace,DC_TreatmentPlan
35,BrandGeneric_LI,Click on [<Object>],DC_clickByJS,DC_TreatmentPlan:BrandGeneric_LI,,DC_TreatmentPlan
36,TreatmentDescription_TB,"Click the [<Object>]  if the test data is available ",DC_Click,DC_TreatmentPlan:TreatmentDescription_TB,,DC_TreatmentPlan
37,TreatmentDescription_TB,Enter the value [<Data>] in the Field [<Object>]  if the test data is available,DC_Set,DC_TreatmentPlan:TreatmentDescription_TB,,DC_TreatmentPlan
"//38",TreatmentDescription_TB,Highlight the element [<Object>],highlight,,,DC_TreatmentPlan
39,BrandGeneric_DD,Click on [<Object>],DC_clickByJS,DC_TreatmentPlan:BrandGeneric_LI,,DC_TreatmentPlan
40,BrandGeneric_LI,Set object [<Object>] property  as [<Data>] at runtime,setObjectProperty,DC_TreatmentPlan:BrandGeneric_LI,Replace,DC_TreatmentPlan
41,BrandGeneric_LI,Click on [<Object>],DC_clickByJS,DC_TreatmentPlan:BrandGeneric_LI,,DC_TreatmentPlan
42,Browser,"Take a Screen Shot ",takeScreenshot,,,DC_TreatmentPlan
"//43",Browser,Send Keys [<Data>]  to Window.,sendKeysToWindow,@TAB,,
"//44",Browser,"Take a Screen Shot ",takeScreenshot,,,
45,Save_BTN,Click on [<Object>],clickByJS,,,DC_TreatmentPlan
46,LoadingElement,Wait for expected condition attribute in Condition and value in Input,DC_LoadingElementWait,@display: none; height:,style,DC_LoadingMask
