Step,ObjectName,Description,Action,Input,Condition,Reference
1,AddPD_BTN,"Click the [<Object>] ",Click,,,DC_PermanentDisability
2,Browser,changing wait time by [<Data>] seconds,changeWaitTime,@30,,
3,Browser,Wait for Frame To Be Available and Switch to it,switchToFrame,@wndInjuryManagement,,
4,Browser,changing wait time by [<Data>] seconds,changeWaitTime,@10,,
5,RatingType_TB,Click on [<Object>],clickByJS,,,DC_PermanentDisability
6,RatingType_TB,Enter the value [<Data>] in the Field [<Object>],Set,DC_PermanentDisability:RatingType_LI,,DC_PermanentDisability
7,RatingType_TB,Highlight the element [<Object>],highlight,,,DC_PermanentDisability
8,Browser,Send Keys [<Data>]  to Window.,sendKeysToWindow,@TAB,,
9,LoadingElement,Wait for expected condition attribute in Condition and value in Input,DC_LoadingElementWait,@display: none; height:,style,DC_LoadingMask
"//10",RatingType_LI,Set object [<Object>] property  as [<Data>] at runtime,setObjectProperty,DC_PermanentDisability:RatingType_LI,RatingType,DC_PermanentDisability
"//11",RatingType_LI,Click on [<Object>],clickByJS,,,DC_PermanentDisability
"//12",RatingType_TXT,Execute Resuable if element is displayed  Scenario|TestCase. Input Section for Suelement is Present and Conditon if element not present,DC_ExecuteReusableifElementDisplayed,,,DC_PermanentDisability
13,MMIDate_TB,"Click the [<Object>] ",Click,,,DC_PermanentDisability
14,MMIDate_TB,Enter the value [<Data>] in the Field [<Object>],Set,DC_PermanentDisability:MMIDate_TB,,DC_PermanentDisability
15,Browser,Send Keys [<Data>]  to Window.,sendKeysToWindow,@TAB,,
16,AllInjuriesAtMMI_DD,"Click the [<Object>] ",Click,,,DC_PermanentDisability
17,AllInjuriesAtMMI_LI,Set object [<Object>] property  as [<Data>] at runtime,setObjectProperty,DC_PermanentDisability:AllInjuriesAtMMI_LI,REPLACE,DC_PermanentDisability
18,AllInjuriesAtMMI_LI,Click on [<Object>],clickByJS,,,DC_PermanentDisability
19,Browser,Send Keys [<Data>]  to Window.,sendKeysToWindow,@TAB,,
20,Percentage_TB,"Click the [<Object>] ",Click,,,DC_PermanentDisability
21,Percentage_TB,Enter the value [<Data>] in the Field [<Object>],Set,DC_PermanentDisability:Percentage_TB,,DC_PermanentDisability
22,Browser,Send Keys [<Data>]  to Window.,sendKeysToWindow,@TAB,,
23,BodyPartCategory_Primary_DD,"Click the [<Object>] ",Click,,,DC_PermanentDisability
24,BodyPartCategory_Primary_LI,Set object [<Object>] property  as [<Data>] at runtime,setObjectProperty,DC_PermanentDisability:BodyPartCategory_Primary_LI,REPLACE,DC_PermanentDisability
25,BodyPartCategory_Primary_LI,Click on [<Object>],clickByJS,,,DC_PermanentDisability
"//26",Browser,Send Keys [<Data>]  to Window.,sendKeysToWindow,@TAB,,
27,LoadingElement,Wait for expected condition attribute in Condition and value in Input,DC_LoadingElementWait,@display: none; height:,style,DC_LoadingMask
28,DetailedBodyPart_Primary_DD,"Click the [<Object>] ",Click,,,DC_PermanentDisability
29,DetailedBodyPart_Primary_LI,Set object [<Object>] property  as [<Data>] at runtime,setObjectProperty,DC_PermanentDisability:DetailedBodyPart_Primary_LI,REPLACE,DC_PermanentDisability
30,DetailedBodyPart_Primary_LI,Click on [<Object>],clickByJS,,,DC_PermanentDisability
"//31",Browser,Send Keys [<Data>]  to Window.,sendKeysToWindow,@TAB,,
32,LoadingElement,Wait for expected condition attribute in Condition and value in Input,DC_LoadingElementWait,@display: none; height:,style,DC_LoadingMask
"//33",DetailedSubBodyPart_DD,"Click the [<Object>] ",Click,,,DC_PermanentDisability
"//34",DetailedSubBodyPart_LI,Set object [<Object>] property  as [<Data>] at runtime,setObjectProperty,DC_PermanentDisability:DetailedSubBodyPart_LI,REPLACE,DC_PermanentDisability
"//35",DetailedSubBodyPart_LI,Click on [<Object>],clickByJS,,,DC_PermanentDisability
"//36",Browser,Send Keys [<Data>]  to Window.,sendKeysToWindow,@TAB,,
"//37",MDRatingCent_Label,Highlight the element [<Object>],highlight,,,DC_PermanentDisability
38,MDRatingCent_TB,"Click the [<Object>] ",Click,,,DC_PermanentDisability
39,MDRatingCent_TB,Enter the value [<Data>] in the Field [<Object>],Set,DC_PermanentDisability:MDRatingCent_TB,,DC_PermanentDisability
40,Browser,Send Keys [<Data>]  to Window.,sendKeysToWindow,@TAB,,
41,IRRResultsCent_Label,Highlight the element [<Object>],highlight,,,DC_PermanentDisability
42,IRRResultsCent_TB,Click on [<Object>],clickByJS,,,DC_PermanentDisability
43,IRRResultsCent_TB,Enter the value [<Data>] in the Field [<Object>],Set,DC_PermanentDisability:IRRResultsCent_TB,,DC_PermanentDisability
"//44",Execute,,DC_InjuryManagement:Validate_ImpairmentRatingReviewCompletionDate,,,
"//45",Execute,,DC_InjuryManagement:Validate_PreMMiProjectionRating,,,
"//46",ImpairmentRatingReviewCompletionDate_TB,"Click the [<Object>] ",ClickIfVisible,,,DC_PermanentDisability
"//47",ImpairmentRatingReviewCompletionDate_TB,Enter the value [<Data>] in the Field [<Object>],Set,DC_PermanentDisability:ImpairmentRatingReviewCompletionDate_TB,,DC_PermanentDisability
"//48",Browser,Send Keys [<Data>]  to Window.,sendKeysToWindow,@TAB,,
49,PreMMiProjectionRating_RB,Set object [<Object>] property  as [<Data>] at runtime,setObjectProperty,DC_PermanentDisability:PreMMiProjectionRating_RB,REPLACE,DC_PermanentDisability
50,PreMMiProjectionRating_RB,Click on [<Object>],clickByJS,,,DC_PermanentDisability
51,LoadingElement,Wait for expected condition attribute in Condition and value in Input,DC_LoadingElementWait,@display: none; height:,style,DC_LoadingMask
52,ImpairmentRatingResults_DD,"Click the [<Object>] ",ClickIfVisible,,,DC_PermanentDisability
53,ImpairmentRatingResults_LI,Set object [<Object>] property  as [<Data>] at runtime,setObjectProperty,DC_PermanentDisability:ImpairmentRatingResults_LI,REPLACE,DC_PermanentDisability
54,ImpairmentRatingResults_LI,Click on [<Object>],clickByJS,,,DC_PermanentDisability
55,Browser,Send Keys [<Data>]  to Window.,sendKeysToWindow,@TAB,,
56,ImpairmentRatingReviewServiceType_DD,"Click the [<Object>] ",ClickIfVisible,,,DC_PermanentDisability
57,ImpairmentRatingReviewServiceType_LI,Set object [<Object>] property  as [<Data>] at runtime,setObjectProperty,DC_PermanentDisability:ImpairmentRatingReviewServiceType_LI,REPLACE,DC_PermanentDisability
58,ImpairmentRatingReviewServiceType_LI,Highlight the element [<Object>],highlight,,,DC_PermanentDisability
59,ImpairmentRatingReviewServiceType_LI,Click on [<Object>],clickByJS,,,DC_PermanentDisability
60,Browser,Send Keys [<Data>]  to Window.,sendKeysToWindow,@TAB,,
61,LoadingElement,Wait for expected condition attribute in Condition and value in Input,DC_LoadingElementWait,@display: none; height:,style,DC_LoadingMask
62,TypeOfImpairment_DD,"Click the [<Object>] ",Click,,,DC_PermanentDisability
63,TypeOfImpairment_LI,Set object [<Object>] property  as [<Data>] at runtime,DC_setObjectProperty,DC_PermanentDisability:TypeOfImpairment_LI,REPLACE,DC_PermanentDisability
64,TypeOfImpairment_LI,Click on [<Object>],clickByJS,,,DC_PermanentDisability
65,Browser,Send Keys [<Data>]  to Window.,sendKeysToWindow,@TAB,,
66,LoadingElement,Wait for expected condition attribute in Condition and value in Input,DC_LoadingElementWait,@display: none; height:,style,DC_LoadingMask
67,Browser,"Take a Screen Shot ",takeScreenshot,,,
68,Save_BTN,"Click the [<Object>] ",Click,,,DC_PermanentDisability
69,LoadingElement,Wait for expected condition attribute in Condition and value in Input,DC_LoadingElementWait,@display: none; height:,style,DC_LoadingMask
70,Browser,"Execute Resuable if mentioned in the data sheet in the format Scenario|TestCase ",DC_ExecuteReusable,DC_PermanentDisability:PostVerification,,
71,LoadingElement,Wait for expected condition attribute in Condition and value in Input,DC_LoadingElementWait,@display: none; height:,style,DC_LoadingMask
72,Browser,Switching control to the default window,switchToDefaultContent,,,
