Step,ObjectName,Description,Action,Input,Condition,Reference
1,LoadingElement,Wait for expected condition attribute in Condition and value in Input,DC_LoadingElementWait,@display: none; height:,style,DC_LoadingMask
2,Browser,changing wait time by [<Data>] seconds,changeWaitTime,@30,,
3,Browser,Wait for Frame To Be Available and Switch to it,switchToFrame,@wndInjuryManagement,,
4,Browser,changing wait time by [<Data>] seconds,changeWaitTime,@10,,
5,Treatment_DD,Click on [<Object>],DC_clickByJS,DC_TreatmentPlan:Treatment_LI,,DC_TreatmentPlan
6,Treatment_LI,Set object [<Object>] property  as [<Data>] at runtime,setObjectProperty,DC_TreatmentPlan:Treatment_LI,TREATMENT,DC_TreatmentPlan
7,Treatment_LI,Click on [<Object>],DC_clickByJS,DC_TreatmentPlan:Treatment_LI,,DC_TreatmentPlan
8,Treatment_LI,Highlight the element [<Object>],highlight,,,DC_TreatmentPlan
9,Browser,Send Keys [<Data>]  to Window.,sendKeysToWindow,@TAB,,
10,LoadingElement,Wait for expected condition attribute in Condition and value in Input,DC_LoadingElementWait,@display: none; height:,style,DC_LoadingMask
11,Browser,"Execute Resuable if mentioned in the data sheet in the format Scenario|TestCase ",DC_ExecuteReusable,DC_TreatmentPlan:AdditionalFieldsReusable,,
12,Browser,"Take a Screen Shot ",takeScreenshot,,,
13,AdditionalDescription_TB,Click on [<Object>],clickByJS,,,DC_TreatmentPlan
14,LoadingElement,Wait for expected condition attribute in Condition and value in Input,DC_LoadingElementWait,@display: none; height:,style,DC_LoadingMask
