Step,ObjectName,Description,Action,Input,Condition,Reference
1,InjuredWorker_QLM,Click on [<Object>],clickByJS,,,DC_ClaimDetail_Tree
2,InjuryManagement_HL,Click on [<Object>],clickByJS,,,DC_ClaimDetail_Tree
3,InjuryDetail_expand,"Click the [<Object>] ",Click,,,DC_InjuryDetails
4,AddID_BTN,Click on [<Object>],clickByJS,,,DC_InjuryDetails
5,Browser,changing wait time by [<Data>] seconds,changeWaitTime,@30,,
6,Browser,Wait for Frame To Be Available and Switch to it,switchToFrame,@wndInjuryManagement,,
7,Browser,changing wait time by [<Data>] seconds,changeWaitTime,@10,,
8,ICD_Code_TB,Set [<Data>] on [<Object>],setByJS,@10,,DC_InjuryDetails
9,LoadingElement,Wait for expected condition attribute in Condition and value in Input,DC_LoadingElementWait,@display: none; height:,style,DC_LoadingMask
10,DateOfOnset_TB,Set [<Data>] on [<Object>],setByJS,@04/01/2021,,DC_InjuryDetails
11,DateOfOnset_TB,Send Keys [<Data>]  to object [<Object>].,sendKeysToElement,@Tab,,DC_InjuryDetails
12,ICD_CodeEligible_CHB,Assert if [<Object>] is present,assertElementPresent,,,DC_InjuryDetails
13,ICD_CodeEligible_CHB,Click on [<Object>],clickByJS,,,DC_InjuryDetails
14,ICD_Version_Label,Assert if [<Object>] is present,assertElementPresent,,,DC_InjuryDetails
15,Browser,"Take a Screen Shot ",takeScreenshot,,,
