Step,ObjectName,Description,Action,Input,Condition,Reference
1,ReturnToWorkEdit_BTN,"Click the [<Object>] ",clickByJS,,,DC_ReturnToWork
2,LoadingElement,Wait for expected condition attribute in Condition and value in Input,DC_LoadingElementWait,@display: none; height:,style,DC_LoadingMask
3,Browser,changing wait time by [<Data>] seconds,changeWaitTime,@30,,
4,Browser,Wait for Frame To Be Available and Switch to it,switchToFrame,@wndInjuryManagement,,
5,Browser,changing wait time by [<Data>] seconds,changeWaitTime,@10,,
6,DisabilityStartDate_TB,"Click the [<Object>] ",Click,,,DC_ReturnToWork
7,DisabilityStartDate_TB,Enter the value [<Data>] in the Field [<Object>],DC_Set,DC_ReturnToWork:DisabilityStartDate_TB,,DC_ReturnToWork
8,Browser,Send Keys [<Data>]  to Window.,sendKeysToWindow,@TAB,,
9,DisabilityEndDate_TB,"Click the [<Object>] ",Click,,,DC_ReturnToWork
10,DisabilityEndDate_TB,Enter the value [<Data>] in the Field [<Object>],DC_Set,DC_ReturnToWork:DisabilityEndDate_TB,,DC_ReturnToWork
11,Browser,Send Keys [<Data>]  to Window.,sendKeysToWindow,@TAB,,
12,LoadingElement,Wait for expected condition attribute in Condition and value in Input,DC_LoadingElementWait,@display: none; height:,style,DC_LoadingMask
13,LastDayWorked_TB,"Click the [<Object>] ",Click,,,DC_ReturnToWork
14,LastDayWorked_TB,Enter the value [<Data>] in the Field [<Object>],DC_Set,DC_ReturnToWork:LastDayWorked_TB,,DC_ReturnToWork
15,Browser,Send Keys [<Data>]  to Window.,sendKeysToWindow,@TAB,,
16,LoadingElement,Wait for expected condition attribute in Condition and value in Input,DC_LoadingElementWait,@display: none; height:,style,DC_LoadingMask
17,DisabilityStatus_DD,"Click the [<Object>] ",DC_Click,DC_ReturnToWork:DisabilityStatus_LI,,DC_ReturnToWork
18,Browser,changing wait time by [<Data>] seconds,changeWaitTime,@20,,
19,DisabilityStatus_LI,Set object [<Object>] property  as [<Data>] at runtime,DC_setObjectProperty,DC_ReturnToWork:DisabilityStatus_LI,REPLACE,DC_ReturnToWork
20,Browser,changing wait time by [<Data>] seconds,changeWaitTime,@10,,
21,DisabilityStatus_LI,Click on [<Object>],DC_clickByJS,DC_ReturnToWork:DisabilityStatus_LI,,DC_ReturnToWork
22,LoadingElement,Wait for expected condition attribute in Condition and value in Input,DC_LoadingElementWait,@display: none; height:,style,DC_LoadingMask
23,Browser,Send Keys [<Data>]  to Window.,sendKeysToWindow,@TAB,,
24,EndDateQualifier_DefaultValue,Assert if [<Object>] is present,assertElementPresent,,,DC_ReturnToWork
25,EndDateQualifier_DefaultValue,Highlight the element [<Object>],highlight,,,DC_ReturnToWork
26,EndDateQualifier_RB,Set object [<Object>] property  as [<Data>] at runtime,DC_setObjectProperty,DC_ReturnToWork:EndDateQualifier_RB,REPLACE,DC_ReturnToWork
27,EndDateQualifier_RB,Click on [<Object>],DC_clickByJS,DC_ReturnToWork:EndDateQualifier_RB,,DC_ReturnToWork
28,WageLoss_Payable_DD,Click on [<Object>],DC_clickByJS,DC_ReturnToWork:WageLossPayable_LI,,DC_ReturnToWork
29,WageLoss_Payable_DD,Enter the value [<Data>] in the Field [<Object>],DC_Set,DC_ReturnToWork:WageLossPayable_LI,,DC_ReturnToWork
30,Browser,Send Keys [<Data>]  to Window.,sendKeysToWindow,@TAB,,
31,DisabilityEndReason_DD,Click on [<Object>],DC_clickByJS,DC_ReturnToWork:DisabilityEndReason_LI,,DC_ReturnToWork
32,DisabilityEndReason_DD,Enter the value [<Data>] in the Field [<Object>],DC_Set,DC_ReturnToWork:DisabilityEndReason_LI,,DC_ReturnToWork
33,Browser,Send Keys [<Data>]  to Window.,sendKeysToWindow,@TAB,,
34,ModifiedDuty_TB,"Click the [<Object>] ",DC_Click,DC_ReturnToWork:ModifiedDuty_LI,,DC_ReturnToWork
35,ModifiedDuty_TB,Enter the value [<Data>] in the Field [<Object>]  if the test data is available,DC_Set,DC_ReturnToWork:ModifiedDuty_LI,,DC_ReturnToWork
36,Browser,Send Keys [<Data>]  to Window.,sendKeysToWindow,@TAB,,
37,Return_Date_TB,"Click on [<Object>] if the test data is available ",DC_clickByJS,DC_ReturnToWork:ReturnDate_TB,,DC_ReturnToWork
38,Return_Date_TB,"Set [<Data>] on [<Object>] if the test data is available ",DC_setByJS,DC_ReturnToWork:ReturnDate_TB,,DC_ReturnToWork
39,Browser,Send Keys [<Data>]  to Window.,sendKeysToWindow,@TAB,,
40,PostInjuryAWW_TB,"Click on [<Object>] if the test data is available ",DC_clickByJS,DC_ReturnToWork:PostInjuryAWW_TB,,DC_ReturnToWork
41,PostInjuryAWW_TB,"Set [<Data>] on [<Object>] if the test data is available ",DC_setByJS,DC_ReturnToWork:PostInjuryAWW_TB,,DC_ReturnToWork
42,Browser,Send Keys [<Data>]  to Window.,sendKeysToWindow,@TAB,,
43,Verified_DD,"Click the [<Object>] ",DC_Click,DC_ReturnToWork:Verified_LI,,DC_ReturnToWork
44,Verified_LI,Set object [<Object>] property  as [<Data>] at runtime,DC_setObjectProperty,DC_ReturnToWork:Verified_LI,REPLACE,DC_ReturnToWork
45,Verified_LI,"Click the [<Object>] ",DC_Click,DC_ReturnToWork:Verified_LI,,DC_ReturnToWork
46,Browser,Send Keys [<Data>]  to Window.,sendKeysToWindow,@TAB,,
47,SameOccupation_DD,"Click the [<Object>] ",DC_Click,DC_ReturnToWork:SameOccupation_LI,,DC_ReturnToWork
48,SameOccupation_LI,Set object [<Object>] property  as [<Data>] at runtime,DC_setObjectProperty,DC_ReturnToWork:SameOccupation_LI,REPLACE,DC_ReturnToWork
49,SameOccupation_LI,"Click the [<Object>] ",DC_Click,DC_ReturnToWork:SameOccupation_LI,,DC_ReturnToWork
50,SameEmployer_DD,"Click the [<Object>] ",DC_Click,DC_ReturnToWork:SameEmployer_LI,,DC_ReturnToWork
51,SameEmployer_LI,Set object [<Object>] property  as [<Data>] at runtime,DC_setObjectProperty,DC_ReturnToWork:SameEmployer_LI,REPLACE,DC_ReturnToWork
52,SameEmployer_LI,"Click the [<Object>] ",DC_Click,DC_ReturnToWork:SameEmployer_LI,,DC_ReturnToWork
53,SameWage_DD,"Click the [<Object>] ",DC_Click,DC_ReturnToWork:SameWage_LI,,DC_ReturnToWork
54,SameWage_LI,Set object [<Object>] property  as [<Data>] at runtime,DC_setObjectProperty,DC_ReturnToWork:SameWage_LI,REPLACE,DC_ReturnToWork
55,SameWage_LI,"Click the [<Object>] ",DC_Click,DC_ReturnToWork:SameWage_LI,,DC_ReturnToWork
56,Comment_TB,"Click the [<Object>] ",DC_Click,DC_ReturnToWork:Comment_TB,,DC_ReturnToWork
57,Comment_TB,Enter the value [<Data>] in the Field [<Object>],DC_Set,DC_ReturnToWork:Comment_TB,,DC_ReturnToWork
58,Browser,"Take a Screen Shot ",takeScreenshot,,,
59,Browser,"Execute Resuable if mentioned in the data sheet in the format Scenario|TestCase ",DC_ExecuteReusable,DC_ReturnToWork:RTWAdditionalFieldsReusable,,
60,Save_BTN,"Click the [<Object>] ",Click,,,DC_ReturnToWork
61,LoadingElement,Wait for expected condition attribute in Condition and value in Input,DC_LoadingElementWait,@display: none; height:,style,DC_LoadingMask
