Step,ObjectName,Description,Action,Input,Condition,Reference
1,Browser,"Execute Resuable if mentioned in the data sheet in the format Scenario|TestCase ",DC_ExecuteReusable,DC_ReturnToWork:ReturnToWorkPreCondition,Start Param,
2,Browser,"Execute Resuable if mentioned in the data sheet in the format Scenario|TestCase ",DC_ExecuteReusable,DC_ReturnToWork:ReturnToWorkReusable,,
3,Browser,"Execute Resuable if mentioned in the data sheet in the format Scenario|TestCase ",DC_ExecuteReusable,DC_ReturnToWork:VerifyRTW_Reusable,,
4,Browser,"Execute Resuable if mentioned in the data sheet in the format Scenario|TestCase ",DC_ExecuteReusable,DC_ReturnToWork:PostRTW_Reusable,End Param,
