Step,ObjectName,Description,Action,Input,Condition,Reference
1,VerifyTreatmentPlan_ROW,Set object [<Object>] property  as [<Data>] at runtime,setObjectProperty,DC_TreatmentPlan:Treatment_LI,TREATMENT,DC_TreatmentPlan
2,VerifyTreatmentPlan_ROW,Set object [<Object>] property  as [<Data>] at runtime,setObjectProperty,DC_TreatmentPlan:NumberOfTreatments_TB,NoOfTreatment,DC_TreatmentPlan
3,VerifyTreatmentPlan_ROW,Set object [<Object>] property  as [<Data>] at runtime,setObjectProperty,DC_TreatmentPlan:Injury_LI,INJURY,DC_TreatmentPlan
4,VerifyTreatmentPlan_ROW,Set object [<Object>] property  as [<Data>] at runtime,setObjectProperty,DC_TreatmentPlan:DiagnosticTests_LI,DIAGNOSTICTEST,DC_TreatmentPlan
5,VerifyTreatmentPlan_ROW,Set object [<Object>] property  as [<Data>] at runtime,setObjectProperty,DC_TreatmentPlan:TreatmentDecision_LI,TREATMENTDECISION,DC_TreatmentPlan
6,VerifyTreatmentPlan_ROW,Highlight the element [<Object>],highlight,,,DC_TreatmentPlan
